spieler_id,name,berechnet,fantasy,differenz,ok
2813,Kenny Agostino,-13.7,4.1,-17.8,PRUEFEN
2411,Nicolas Mattinen,23.2,9.1,14.1,PRUEFEN
507,Marcel Noebels,11.1,-2.4,13.5,PRUEFEN
487,Matthias Plachta,15.2,2.0,13.2,PRUEFEN
1611,Leon Gawanke,12.8,0.8,12.0,PRUEFEN
1069,Jonas Neffin,11.0,0.0,11.0,PRUEFEN
4333,Jérémie Poirier,15.2,5.1,10.1,PRUEFEN
3410,Liam Kirk,20.0,9.9,10.1,PRUEFEN
4319,Jakub Skarek,2.8,-6.8,9.6,PRUEFEN
1799,Gregor MacLeod,9.2,-0.3,9.5,PRUEFEN
3565,Zachary Solow,12.1,2.8,9.3,PRUEFEN
3554,Matt Choupani,9.9,0.6,9.3,PRUEFEN
3567,Anthony Greco,11.4,2.6,8.8,PRUEFEN
3572,Patrick Russell,8.0,-0.6,8.6,PRUEFEN
1665,Eric Cornel,7.8,-0.8,8.6,PRUEFEN
2463,Cameron Brace,6.5,-2.0,8.5,PRUEFEN
2113,Brady Austin,10.2,1.8,8.4,PRUEFEN
3593,Peyton Jones,-3.4,5.0,-8.4,PRUEFEN
1825,Nico Pertuch,8.2,0.0,8.2,PRUEFEN
885,Justin Feser,6.1,-1.8,7.9,PRUEFEN
2172,Ryan MacInnis,7.9,0.4,7.5,PRUEFEN
2209,Ty Ronning,19.7,12.3,7.4,PRUEFEN
3584,Tommy Pasanen,6.9,-0.5,7.4,PRUEFEN
4157,Janne Juvonen,-18.4,-11.0,-7.4,PRUEFEN
3429,Kristian Reichel,7.9,0.6,7.3,PRUEFEN
2028,Skyler McKenzie,7.6,0.3,7.3,PRUEFEN
3585,Matthew Wedman,3.1,10.4,-7.3,PRUEFEN
998,Hendrik Hane,-3.0,4.2,-7.2,PRUEFEN
122,Mathias Niederberger,10.8,4.0,6.8,PRUEFEN
2835,Thomas Schemitsch,6.2,-0.6,6.8,PRUEFEN
4329,Lucas Thaler,7.7,1.0,6.7,PRUEFEN
4315,Joseph Duszak,5.9,-0.7,6.6,PRUEFEN
3472,Donald D.J. Busdeker,10.5,3.9,6.6,PRUEFEN
1587,Julian Melchiori,15.5,9.2,6.3,PRUEFEN
1704,Roman Kechter,8.9,2.8,6.1,PRUEFEN
3139,Valtteri Kemiläinen,11.4,5.3,6.1,PRUEFEN
1666,Julius Karrer,10.3,4.2,6.1,PRUEFEN
2351,Devin Williams,6.2,0.2,6.0,PRUEFEN
500,Maximilian Franzreb,6.2,0.2,6.0,PRUEFEN
3600,C.J. Suess,8.2,2.2,6.0,PRUEFEN
599,Niklas Treutle,18.0,12.2,5.8,PRUEFEN
2121,Jean-Christophe Beaudin,4.6,-1.0,5.6,PRUEFEN
3426,Taro Hirose,7.7,2.1,5.6,PRUEFEN
1594,Joacim Eriksson,-13.6,-8.0,-5.6,PRUEFEN
2468,Maksim Matushkin,11.1,5.5,5.6,PRUEFEN
2935,Max Newton,15.1,9.6,5.5,PRUEFEN
3275,Tobias Rieder,7.8,2.4,5.4,PRUEFEN
3578,Greg Meireles,9.2,3.8,5.4,PRUEFEN
597,Sebastian Uvira,3.7,-1.7,5.4,PRUEFEN
595,Ross Mauermann,5.3,-0.1,5.4,PRUEFEN
4895,Jean-Luc Foudy,5.4,0.0,5.4,PRUEFEN
3704,Peter Abbandonato,7.1,1.8,5.3,PRUEFEN
1985,Jake Hildebrand,6.6,1.6,5.0,PRUEFEN
3411,Gabriel Fontaine,5.1,0.1,5.0,PRUEFEN
2689,Andy Miele,-0.8,4.2,-5.0,PRUEFEN
516,Felix Brückmann,5.0,0.0,5.0,PRUEFEN
1306,Tim Wohlgemuth,7.5,2.5,5.0,PRUEFEN
1435,Austin Ortega,3.7,-1.3,5.0,PRUEFEN
4316,Spencer Kersten,7.5,2.6,4.9,PRUEFEN
416,Dustin Strahlmeier,9.6,4.8,4.8,PRUEFEN
506,Jonas Müller,10.2,5.5,4.7,PRUEFEN
1987,Davis Vandane,10.8,6.1,4.7,PRUEFEN
4342,Juha Jatkola,4.6,0.0,4.6,PRUEFEN
59,Stefan Loibl,6.6,2.0,4.6,PRUEFEN
442,Daniel Schmölz,2.3,-2.2,4.5,PRUEFEN
3563,Dan Renouf,3.8,-0.7,4.5,PRUEFEN
882,Marcel Müller,9.7,5.2,4.5,PRUEFEN
104,Marcel Brandt,4.2,-0.3,4.5,PRUEFEN
1585,Max Görtz,5.6,1.1,4.5,PRUEFEN
1796,Markus Vikingstad,3.4,-1.0,4.4,PRUEFEN
3533,Adam Smith,7.2,2.8,4.4,PRUEFEN
2489,John Gilmour,3.5,-0.8,4.3,PRUEFEN
1823,Manuel Wiederer,8.6,4.3,4.3,PRUEFEN
3476,Dustin Willhöft,3.0,-1.2,4.2,PRUEFEN
4251,Robin Press,9.4,5.2,4.2,PRUEFEN
3530,Jimmy Lambert,8.3,4.1,4.2,PRUEFEN
88,Oliver Mebus,4.6,0.5,4.1,PRUEFEN
1795,Christian Wejse,9.9,5.8,4.1,PRUEFEN
3430,Eric Jonathan Uba,8.4,12.5,-4.1,PRUEFEN
2125,Maximilian Heim,3.0,-1.0,4.0,PRUEFEN
1682,Moritz Elias,-3.1,0.9,-4.0,PRUEFEN
1459,Jonas Stettmer,-1.8,-5.6,3.8,PRUEFEN
2798,Luke Esposito,4.8,1.0,3.8,PRUEFEN
1350,Adam Payerl,0.2,-3.6,3.8,PRUEFEN
4349,Austin Magera,8.4,4.6,3.8,PRUEFEN
2820,Julian Napravnik,0.6,4.3,-3.7,PRUEFEN
1364,Markus Eisenschmid,5.1,1.4,3.7,PRUEFEN
554,Brooks Macek,5.9,2.3,3.6,PRUEFEN
546,Andreas Eder,3.2,-0.4,3.6,PRUEFEN
2834,Keaton Thompson,10.2,6.7,3.5,PRUEFEN
83,Andreas Jenike,-8.0,-4.6,-3.4,PRUEFEN
4328,Trevor Carrick,2.7,-0.7,3.4,PRUEFEN
4318,Jamieson Rees,4.3,1.0,3.3,PRUEFEN
2833,Lester Lancaster,3.6,0.3,3.3,PRUEFEN
1397,Daniel Pfaffengut,7.5,4.2,3.3,PRUEFEN
4332,Patrick Brown,3.1,-0.1,3.2,PRUEFEN
1856,Lennard Nieleck,3.1,0.0,3.1,PRUEFEN
1402,Frederik Tiffels,4.4,1.3,3.1,PRUEFEN
648,Louis-Marc Aubry,5.1,2.0,3.1,PRUEFEN
3580,Timo Kose,2.2,-0.9,3.1,PRUEFEN
2425,Justin Scott,2.2,5.2,-3.0,PRUEFEN
1339,Phillip Bruggisser,7.5,4.5,3.0,PRUEFEN
4331,Emil Kvernmo Wasenden,3.3,0.4,2.9,PRUEFEN
3443,William Graber,4.5,7.4,-2.9,PRUEFEN
4260,Markus Ljungh,2.2,5.1,-2.9,PRUEFEN
1750,Leon Hüttl,6.1,3.3,2.8,PRUEFEN
1476,Tim Brunnhuber,0.0,-2.8,2.8,PRUEFEN
2189,Kevin Bicker,-2.6,0.2,-2.8,PRUEFEN
1547,Kristers Gudlevskis,8.4,11.2,-2.8,PRUEFEN
3445,Owen Headrick,6.4,3.6,2.8,PRUEFEN
252,Daniel Pietta,-0.7,2.0,-2.7,PRUEFEN
3950,Mathew Santos,0.1,-2.6,2.7,PRUEFEN
4343,Stuart Percy,11.4,8.7,2.7,PRUEFEN
1540,Filip Varejcka,4.0,1.3,2.7,PRUEFEN
1678,Kevin Niedenz,2.8,5.5,-2.7,PRUEFEN
1425,Eric Mik,7.6,5.0,2.6,PRUEFEN
4312,Jack LaFontaine,-1.4,1.2,-2.6,PRUEFEN
2491,Maxwell Gildon,4.5,1.9,2.6,PRUEFEN
1811,Mario Zimmermann,3.1,0.5,2.6,PRUEFEN
2504,Tom Kühnhackl,7.6,5.1,2.5,PRUEFEN
92,Leonhard Pföderl,1.7,-0.8,2.5,PRUEFEN
139,Patrick Hager,-2.5,0.0,-2.5,PRUEFEN
1072,Ryan Jones,4.4,1.9,2.5,PRUEFEN
2868,Sam Ruopp,2.4,0.0,2.4,PRUEFEN
2126,Eric Hördler,6.8,4.4,2.4,PRUEFEN
4350,Jackson Cates,5.5,3.1,2.4,PRUEFEN
27,Mirko Höfflin,5.4,3.0,2.4,PRUEFEN
512,Kai Wissmann,2.4,0.1,2.3,PRUEFEN
1738,Korbinian Geibel,3.6,1.3,2.3,PRUEFEN
1659,Maximilian Eisenmenger,2.8,5.1,-2.3,PRUEFEN
2384,Ludwig Byström,5.0,2.7,2.3,PRUEFEN
1553,Alexander Blank,5.1,2.8,2.3,PRUEFEN
1998,Christian Hanke,-1.4,0.9,-2.3,PRUEFEN
3594,Kyle Mayhew,13.1,10.8,2.3,PRUEFEN
2387,Evan Barratt,9.1,6.8,2.3,PRUEFEN
478,Dominik Bittner,2.3,0.0,2.3,PRUEFEN
2238,Kyle Platzer,3.0,0.7,2.3,PRUEFEN
4340,Austin Wagner,3.3,1.0,2.3,PRUEFEN
2131,Edwin Tropmann,3.2,1.0,2.2,PRUEFEN
1748,Peter Spornberger,-0.5,1.7,-2.2,PRUEFEN
2193,Daniel Neumann,0.2,2.4,-2.2,PRUEFEN
2213,Emil Johansson,-1.6,0.6,-2.2,PRUEFEN
2191,Rayan Bettahar,1.0,-1.2,2.2,PRUEFEN
4154,Antoine Bibeau,-4.6,-2.4,-2.2,PRUEFEN
2090,Felix Maegaard Scheel,-1.8,0.4,-2.2,PRUEFEN
1850,Philip Feist,5.7,3.5,2.2,PRUEFEN
2916,Linus Fröberg,5.5,3.3,2.2,PRUEFEN
1785,Riley Sheen,8.5,6.4,2.1,PRUEFEN
1762,Yannick Veilleux,-1.5,0.6,-2.1,PRUEFEN
1343,William Weber,-1.8,0.3,-2.1,PRUEFEN
3931,Zack Dybowski,-2.1,-0.1,-2.0,PRUEFEN
3549,Nicolas Beaudin,1.4,-0.6,2.0,PRUEFEN
3122,Robin Veber,2.0,0.0,2.0,PRUEFEN
1644,Frederik Storm,2.8,0.8,2.0,PRUEFEN
2816,Johannes Krauß,-2.0,-0.1,-1.9,PRUEFEN
3531,Christian Thomas,3.1,1.2,1.9,PRUEFEN
4171,C.J. Smith,2.4,4.3,-1.9,PRUEFEN
3557,Ryan Murphy,8.0,6.1,1.9,PRUEFEN
3579,Tyler Spezia,6.3,4.4,1.9,PRUEFEN
2874,Alex Breton,1.5,-0.3,1.8,PRUEFEN
2881,Abbott Girduckis,-6.6,-4.8,-1.8,PRUEFEN
3412,Mitchell Reinke,5.3,3.5,1.8,PRUEFEN
3434,Veli-Matti Vittasmäki,0.9,-0.9,1.8,PRUEFEN
3309,Moritz Warnecke,6.0,4.2,1.8,PRUEFEN
3446,Jeremy McKenna,3.3,1.5,1.8,PRUEFEN
4308,Alexander Broadhurst,-0.4,1.3,-1.7,PRUEFEN
1491,Tim Fleischer,1.4,3.1,-1.7,PRUEFEN
551,Maximilian Kastner,0.2,1.9,-1.7,PRUEFEN
4142,Ville Pokka,0.8,2.5,-1.7,PRUEFEN
3560,Eric Martinsson,0.9,-0.8,1.7,PRUEFEN
3418,Alex Green,2.5,0.9,1.6,PRUEFEN
1846,Tyler Gaudet,12.5,10.9,1.6,PRUEFEN
3551,Tyler Madden,0.9,-0.6,1.5,PRUEFEN
4296,Peter Quenneville,2.5,4.0,-1.5,PRUEFEN
3432,Juhani Tyrväinen,-1.3,-2.8,1.5,PRUEFEN
1764,Fabrizio Pilu,4.6,3.1,1.5,PRUEFEN
1404,Justin Schütz,6.3,4.9,1.4,PRUEFEN
1525,Alexander Ehl,-0.4,-1.8,1.4,PRUEFEN
3591,Robin Norell,3.4,2.0,1.4,PRUEFEN
2801,Nikolaus Heigl,4.5,3.1,1.4,PRUEFEN
4339,Anthony Romano,5.1,3.7,1.4,PRUEFEN
4701,Brandon Davidson,8.4,7.0,1.4,PRUEFEN
2877,Myles Powell,-3.1,-1.8,-1.3,PRUEFEN
1868,Alec McCrea,11.2,9.9,1.3,PRUEFEN
3428,Tobias Fohrler,-0.1,-1.3,1.2,PRUEFEN
1405,Dennis Lobach,-2.2,-1.0,-1.2,PRUEFEN
1451,Leon Hungerecker,-1.2,0.0,-1.2,PRUEFEN
1694,Jan Luca Sennhenn,-2.4,-1.2,-1.2,PRUEFEN
4323,Sean Malone,5.0,3.8,1.2,PRUEFEN
4140,Tanner Kero,-2.1,-1.0,-1.1,PRUEFEN
1896,Philipp Krauß,4.6,3.5,1.1,PRUEFEN
3870,Kyle Wood,1.3,2.4,-1.1,PRUEFEN
539,Konrad Abeltshauser,6.7,5.6,1.1,PRUEFEN
3576,Riley Barber,-0.1,-1.1,1.0,PRUEFEN
3562,Max Calce,4.5,5.5,-1.0,PRUEFEN
1731,Luca Hauf,-1.1,-0.1,-1.0,PRUEFEN
2945,Tim Schütz,-0.3,0.7,-1.0,PRUEFEN
2389,Cole Maier,6.7,5.7,1.0,PRUEFEN
2605,Tyler Boland,7.6,6.6,1.0,PRUEFEN
3128,Julius Ramoser,-1.0,0.0,-1.0,PRUEFEN
3577,Timo Bakos,0.1,-0.9,1.0,PRUEFEN
426,Alex Trivellato,1.2,0.2,1.0,PRUEFEN
4337,Curtis Valk,-5.2,-4.2,-1.0,PRUEFEN
1677,Robin van Calster,1.4,2.4,-1.0,PRUEFEN
3307,Paul Vinzens,-0.9,0.0,-0.9,PRUEFEN
4330,Elias Pul,2.3,3.2,-0.9,PRUEFEN
513,Sven Ziegler,0.0,-0.9,0.9,PRUEFEN
1681,Leo Hafenrichter,-0.2,0.7,-0.9,PRUEFEN
3597,Madison Bowey,11.8,10.9,0.9,PRUEFEN
143,Nicolas Krämmer,3.4,4.3,-0.9,PRUEFEN
528,Björn Krupp,7.4,6.5,0.9,PRUEFEN
2473,Markus Schweiger,1.6,0.7,0.9,PRUEFEN
4148,Ty Glover,0.2,1.1,-0.9,PRUEFEN
107,Stephan Daschner,-1.1,-1.9,0.8,PRUEFEN
4277,Mac Hollowell,-3.7,-2.9,-0.8,PRUEFEN
157,Hannibal Weitzmann,-0.8,0.0,-0.8,PRUEFEN
531,Fabio Pfohl,4.5,5.3,-0.8,PRUEFEN
1347,Miha Verlic,8.6,9.4,-0.8,PRUEFEN
115,Maximilian Kammerer,0.2,1.0,-0.8,PRUEFEN
268,Ryan Button,6.4,5.6,0.8,PRUEFEN
4324,Luke Toporowski,2.1,2.9,-0.8,PRUEFEN
4498,Roope Mäkitalo,0.9,0.1,0.8,PRUEFEN
2888,Austen Keating,6.6,7.3,-0.7,PRUEFEN
1790,Maxim Rausch,0.9,0.2,0.7,PRUEFEN
4327,Lukas Klok,2.8,2.1,0.7,PRUEFEN
4345,Noah Samanski,1.7,1.0,0.7,PRUEFEN
2199,Norwin Panocha,1.7,1.1,0.6,PRUEFEN
1755,Luis Schinko,13.1,12.5,0.6,PRUEFEN
1564,Vladimir Eminger,3.8,3.2,0.6,PRUEFEN
550,Dominik Kahun,8.0,8.6,-0.6,PRUEFEN
2367,Noah Dunham,-1.5,-0.9,-0.6,PRUEFEN
931,Philip Gogulla,5.6,6.1,-0.5,PRUEFEN
1674,Yannick Proske,-0.5,0.0,-0.5,PRUEFEN
3550,Nicholas Halloran,1.9,1.4,0.5,PRUEFEN
1430,Nino Kinder,1.3,0.8,0.5,PRUEFEN
4149,Akito Hirose,6.0,5.5,0.5,PRUEFEN
80,Yasin Ehliz,4.2,3.7,0.5,PRUEFEN
3442,Samuel Dove-McFalls,6.6,6.1,0.5,PRUEFEN
4341,Brandon Biro,3.9,4.4,-0.5,PRUEFEN
537,Alexander Weiß,1.1,1.5,-0.4,PRUEFEN
100,Marcus Weber,2.9,2.5,0.4,PRUEFEN
2020,Josef Eham,-2.4,-2.0,-0.4,PRUEFEN
1382,Boaz Bassen,-2.2,-2.6,0.4,PRUEFEN
1684,Håkon Hänelt,-2.3,-2.7,0.4,PRUEFEN
4335,Alexander Peters,-6.3,-6.7,0.4,PRUEFEN
2501,Kris Bennett,-1.4,-1.7,0.3,PRUEFEN
1441,Colin Ugbekile,4.6,4.9,-0.3,PRUEFEN
2470,Lua Niehus,-1.2,-0.9,-0.3,PRUEFEN
1168,Maximilian Daubner,0.4,0.1,0.3,PRUEFEN
2117,Veit Oswald,3.1,3.4,-0.3,PRUEFEN
2900,Philipp Bidoul,-0.3,0.0,-0.3,PRUEFEN
3582,Michael Joyaux,1.3,1.0,0.3,PRUEFEN
1328,Morgan Ellis,-1.3,-1.1,-0.2,PRUEFEN
1580,Nicolas Appendino,1.0,1.2,-0.2,PRUEFEN
2202,Nicolas Schindler,0.3,0.1,0.2,PRUEFEN
928,Mick Köhler,-0.6,-0.8,0.2,PRUEFEN
1663,Adrian Klein,1.5,1.7,-0.2,PRUEFEN
2420,Linus Brandl,-1.5,-1.7,0.2,PRUEFEN
2019,Jakub Borzecki,-1.1,-0.9,-0.2,PRUEFEN
1615,Parker Tuomie,1.0,0.8,0.2,PRUEFEN
499,Daniel Fischbuch,3.3,3.1,0.2,PRUEFEN
4243,Carlos Händel,2.4,2.6,-0.2,PRUEFEN
2174,Elis Hede,-0.8,-0.6,-0.2,PRUEFEN
3556,Brady Ferguson,-0.4,-0.2,-0.2,PRUEFEN
1657,Enrico Henriquez Morales,4.3,4.1,0.2,PRUEFEN
4,Constantin Braun,2.6,2.8,-0.2,PRUEFEN
3575,Chris Jandric,3.9,3.7,0.2,PRUEFEN
1887,Niklas Hübner,1.4,1.2,0.2,PRUEFEN
3167,Bode Wilde,-0.6,-0.4,-0.2,PRUEFEN
3323,Vadim Schreiner,2.6,2.8,-0.2,PRUEFEN
1903,Hayden Shaw,0.9,0.8,0.1,PRUEFEN
3072,Simon Seidl,-0.2,-0.3,0.1,PRUEFEN
4314,Max Bleicher,1.2,1.1,0.1,PRUEFEN
3555,Robert Lynch,15.9,15.8,0.1,PRUEFEN
3106,Marco Münzenberger,0.3,0.2,0.1,PRUEFEN
235,Trevor Parkes,4.2,4.3,-0.1,PRUEFEN
4321,Noel Hoefenmayer,4.7,4.6,0.1,PRUEFEN
1313,Jakob Ustorf,0.1,0.0,0.1,PRUEFEN
1863,Thomas Heigl,9.8,9.7,0.1,PRUEFEN
3695,Jakin Smallwood,3.0,3.0,0.0,ja
4143,Dominik Zerhoch,0.1,0.1,0.0,ja
4146,Bartholomäus Oswald,0.0,0.0,0.0,ja
1609,Marc Michaelis,0.1,0.1,0.0,ja
2754,Lukas Kälble,0.0,0.0,0.0,ja
3564,Colin Schlenker,0.0,0.0,0.0,ja
2510,Noel Saffran,0.0,0.0,0.0,ja
3523,Moritz Kretzschmar,0.0,0.0,0.0,ja
3547,Lennart Neiße,0.0,0.0,0.0,ja
4181,Niclas Wolter,0.0,0.0,0.0,ja
4310,Rihards Griva,0.1,0.1,0.0,ja
4311,Tobias Krestan,0.0,0.0,0.0,ja
102,Felix Bick,2.6,2.6,0.0,ja
1489,Erik Buschmann,0.0,0.0,0.0,ja
1836,Daniel Bruch,-0.8,-0.8,0.0,ja
2181,Julius Schulte,0.0,0.0,0.0,ja
2923,Carl Konze,0.0,0.0,0.0,ja
3465,Ole Blumenkamp,0.0,0.0,0.0,ja
1655,Taro Jentzsch,0.0,0.0,0.0,ja
1901,Danjo Leonhardt,0.2,0.2,0.0,ja
1904,Florian Bugl,0.0,0.0,0.0,ja
3548,Sebastian Wieber,0.0,0.0,0.0,ja
3958,Moritz Kukuk,0.0,0.0,0.0,ja
4317,Hudson Elynuik,0.0,0.0,0.0,ja
3528,Daniel Geiger,0.0,0.0,0.0,ja
3586,Bence Farkas,0.0,0.0,0.0,ja
3851,Gordejs Radionovs,0.0,0.0,0.0,ja
4298,Maximilian Strauß,0.0,0.0,0.0,ja
4470,Niklas Hertenstein,0.0,0.0,0.0,ja
505,Spencer Machacek,11.4,11.4,0.0,ja
1360,Janik Möser,1.7,1.7,0.0,ja
2122,Tyler Morley,7.9,7.9,0.0,ja
2198,Timo Ruckdäschel,-3.0,-3.0,0.0,ja
3553,Til Raab,0.0,0.0,0.0,ja
4320,Daniel Kettler,0.0,0.0,0.0,ja
990,Nicholas B. Jensen,0.0,0.0,0.0,ja
1346,Alexander Friesen,-1.9,-1.9,0.0,ja
2817,Colt  Adam Conrad,0.0,0.0,0.0,ja
3391,Lenny Boos,1.1,1.1,0.0,ja
3407,Matthew Abt,-9.6,-9.6,-0.0,ja
3546,Christopher Strasen,0.0,0.0,0.0,ja
4307,Florian Reinwald,0.0,0.0,0.0,ja
130,Dominik Bokk,0.0,0.0,0.0,ja
146,Moritz Müller,-1.1,-1.1,0.0,ja
3433,Mateu Späth,0.0,0.0,0.0,ja
3540,Noah Münzenberger,0.0,0.0,0.0,ja
3569,Luca Münzenberger,0.0,0.0,0.0,ja
3570,Aaron Kaiser,0.0,0.0,0.0,ja
4241,Nico Wiens,0.0,0.0,0.0,ja
4252,Nikita Müller,0.0,0.0,0.0,ja
16,Fabio Wagner,0.0,0.0,0.0,ja
1753,Christopher DeSousa,3.3,3.3,0.0,ja
2133,Philipp Krening,0.0,0.0,0.0,ja
2521,Rio Kaiser,0.0,0.0,0.0,ja
2831,Matthias Bittner,0.0,0.0,0.0,ja
4325,Luis Becker,0.0,0.0,0.0,ja
4326,Max Bolle,0.0,0.0,0.0,ja
1211,Tobias Ancicka,-1.8,-1.8,0.0,ja
1447,Maximilian Glötzl,0.0,0.0,0.0,ja
2182,Justus Roth,0.0,0.0,0.0,ja
3592,Sebastian Zwickl,0.0,0.0,0.0,ja
3595,Liron Alec Pellizzari,0.0,0.0,0.0,ja
4153,Dave Dützka,0.0,0.0,0.0,ja
4322,Cameron Wright,0.0,0.0,0.0,ja
2804,Jakob Weber,8.0,8.0,0.0,ja
4347,Luis Janett,0.0,0.0,0.0,ja
1705,Arkadiusz Dziambor,1.8,1.8,-0.0,ja
3424,Simon Wolf,-6.2,-6.2,0.0,ja
3559,Niclas Hempel,0.0,0.0,0.0,ja
4178,Gianluca Bäuml,0.0,0.0,0.0,ja
4336,Reed Lebster,-4.2,-4.2,0.0,ja
1088,Cody Brenner,0.0,0.0,0.0,ja
1345,Dominik Uher,0.0,0.0,0.0,ja
1982,Daniel Wirt,2.6,2.6,0.0,ja
3408,Matej Leden,0.0,0.0,0.0,ja
3581,Fabio Kose,0.0,0.0,0.0,ja
4338,Adam Scheel,12.4,12.4,0.0,ja
4160,Gregor Stocker,0.0,0.0,0.0,ja
4705,Seonwoo Park,0.0,0.0,0.0,ja
4892,Maximilian Leister,0.0,0.0,0.0,ja
4893,Oliver Elias Erthel,0.0,0.0,0.0,ja
4894,Jonas Krautloher,0.0,0.0,0.0,ja
