spieler_id,name,team,pos,preis,dt_pass,aktiv,gewaehlt_pct,spiele,summe,schnitt,schnitt_l5,toi_min,toi_min_l3,pp_min_l3,ST01,ST02,ST03,ST04,ST05,ST06,ST07,ST08,ST09,ST10,ST11,ST12,ST13,ST14,ST15,ST16,ST17,ST18,ST19,ST20,ST21,ST22,ST23,ST24,ST25,ST26,ST27,ST28,ST29,ST30,ST31,ST32,ST33,ST34,ST35,ST36,ST37,ST38,ST39,ST40,ST41,ST42,ST43,ST44,ST45,ST46,ST47,ST48,ST49,ST50,ST51,ST52
1069,Jonas Neffin,Eisbären Berlin,goal,2,ja,ja,3.2,4,43.4,10.85,10.85,,,,–,–,–,11,13.6,7.2,11.6,,,,,,,,,,,,,,,,,,,,,,,,,,,,,,,,,,,,,,,,,,,,,
3410,Liam Kirk,Eisbären Berlin,for,5,nein,ja,34.7,7,38.9,5.56,5.8,19.2,18.5,2.6,5.4,4.5,4.1,6,5.5,6,7.4,,,,,,,,,,,,,,,,,,,,,,,,,,,,,,,,,,,,,,,,,,,,,
2209,Ty Ronning,Eisbären Berlin,for,5,nein,ja,49.4,7,36.2,5.17,4.78,19.5,17.7,2.7,7.2,5.1,2.2,5.2,2,10.3,4.2,,,,,,,,,,,,,,,,,,,,,,,,,,,,,,,,,,,,,,,,,,,,,
2411,Nicolas Mattinen,Adler Mannheim,def,5,nein,ja,38.5,8,33.6,4.2,4.5,23.9,21.8,3.6,3.1,6,3.9,-1.3,11.5,-1.8,10.2,,,,,,,,,,,,,,,,,,,,,,,,2,,,,,,,,,,,,,,,,,,,,,
599,Niklas Treutle,Nürnberg Ice Tigers,goal,2,ja,ja,15.1,8,30.8,3.85,3.36,,,,7.4,4.8,5.2,0.6,14.4,-1.2,-2.2,,,,,,,,,,,,,,,,,,,,,,,,1.8,,,,,,,,,,,,,,,,,,,,,
3472,Donald D.J. Busdeker,Augsburger Panther,for,4,nein,ja,3.6,7,25.7,3.67,4.6,19.2,18.4,2.0,0.4,2.3,2.2,5.6,7.4,1.7,6.1,,,,,,,,,,,,,,,,,,,,,,,,,,,,,,,,,,,,,,,,,,,,,
2935,Max Newton,Krefeld Pinguine,for,3,nein,ja,15.7,7,23.8,3.4,2.84,18.8,18.7,1.7,2.3,7.3,-1.1,6.6,0.3,2.3,6.1,,,,,,,,,,,,,,,,,,,,,,,,,,,,,,,,,,,,,,,,,,,,,
3594,Kyle Mayhew,Augsburger Panther,def,4,nein,ja,3.4,7,23.7,3.39,3.58,23.5,23.1,2.1,2,3.8,5,2.3,5.9,1.8,2.9,,,,,,,,,,,,,,,,,,,,,,,,,,,,,,,,,,,,,,,,,,,,,
2121,Jean-Christophe Beaudin,Straubing Tigers,for,3,nein,ja,1.4,6,21.6,3.6,4.52,15.9,16.0,2.6,-1,–,4.2,1.4,0,3.7,13.3,,,,,,,,,,,,,,,,,,,,,,,,,,,,,,,,,,,,,,,,,,,,,
1987,Davis Vandane,Krefeld Pinguine,def,2,nein,ja,18.9,7,21.2,3.03,3.02,23.5,23.8,1.8,2.4,3.7,2.3,2.4,4.3,2.8,3.3,,,,,,,,,,,,,,,,,,,,,,,,,,,,,,,,,,,,,,,,,,,,,
1611,Leon Gawanke,Adler Mannheim,def,5,ja,ja,12.1,8,20.8,2.6,3.66,20.1,19.5,3.0,0.6,0.2,4.4,5.4,2.2,0.4,5.9,,,,,,,,,,,,,,,,,,,,,,,,1.7,,,,,,,,,,,,,,,,,,,,,
4343,Stuart Percy,Krefeld Pinguine,def,3,nein,ja,7.5,7,20.6,2.94,2.38,21.0,21.0,1.0,2.7,6,3.8,-1.1,6.2,-1.2,4.2,,,,,,,,,,,,,,,,,,,,,,,,,,,,,,,,,,,,,,,,,,,,,
1547,Kristers Gudlevskis,Pinguins Bremerhaven,goal,4,nein,ja,17.4,6,19.2,3.2,2.6,,,,6.2,5,-2.8,–,1.2,6.2,3.4,,,,,,,,,,,,,,,,,,,,,,,,,,,,,,,,,,,,,,,,,,,,,
1863,Thomas Heigl,Nürnberg Ice Tigers,for,4,ja,ja,7.8,8,19.0,2.38,1.4,14.6,14.7,1.4,5.7,4,0.1,0,4.9,-0.9,2.9,,,,,,,,,,,,,,,,,,,,,,,,2.3,,,,,,,,,,,,,,,,,,,,,
4349,Austin Magera,Nürnberg Ice Tigers,for,2,nein,ja,9.9,8,18.9,2.36,1.8,16.1,16.1,1.3,-0.6,5.2,3.3,0.5,3.9,-3.3,4.6,,,,,,,,,,,,,,,,,,,,,,,,5.3,,,,,,,,,,,,,,,,,,,,,
4333,Jérémie Poirier,Adler Mannheim,def,3,nein,ja,15.2,7,18.8,2.69,2.74,17.8,17.6,0.0,4,1.1,4.8,0.7,4.6,1.5,–,,,,,,,,,,,,,,,,,,,,,,,,2.1,,,,,,,,,,,,,,,,,,,,,
3950,Mathew Santos,Krefeld Pinguine,for,3,nein,ja,9.4,7,18.8,2.69,4.28,18.0,18.8,1.7,-11.2,8.6,-2.8,5.5,4.4,5,9.3,,,,,,,,,,,,,,,,,,,,,,,,,,,,,,,,,,,,,,,,,,,,,
4315,Joseph Duszak,Straubing Tigers,def,2,nein,ja,2.4,7,18.4,2.63,3.82,17.8,16.3,2.6,1.9,-2.6,2.5,4.1,0.9,0.8,10.8,,,,,,,,,,,,,,,,,,,,,,,,,,,,,,,,,,,,,,,,,,,,,
104,Marcel Brandt,Straubing Tigers,def,5,ja,ja,13.0,7,18.3,2.61,3.72,20.7,18.1,1.4,-1.4,1.1,4.1,0.4,7.9,3.7,2.5,,,,,,,,,,,,,,,,,,,,,,,,,,,,,,,,,,,,,,,,,,,,,
1868,Alec McCrea,Augsburger Panther,def,3,nein,ja,3.9,7,17.9,2.56,2.3,20.0,20.7,0.0,1.6,4.8,4.5,0.3,2.4,0.3,4,,,,,,,,,,,,,,,,,,,,,,,,,,,,,,,,,,,,,,,,,,,,,
3579,Tyler Spezia,Nürnberg Ice Tigers,for,3,nein,ja,5.1,8,17.3,2.16,0.8,17.2,15.4,1.2,-0.1,4.5,1.8,0.1,2.1,0,0,,,,,,,,,,,,,,,,,,,,,,,,8.9,,,,,,,,,,,,,,,,,,,,,
122,Mathias Niederberger,EHC Red Bull München,goal,3,ja,ja,8.2,5,17.2,3.44,3.44,,,,4,–,6.8,–,3.4,5,-2,,,,,,,,,,,,,,,,,,,,,,,,,,,,,,,,,,,,,,,,,,,,,
1402,Frederik Tiffels,Eisbären Berlin,for,4,ja,ja,14.3,6,17.0,2.83,3.14,17.4,17.6,2.5,–,1.3,0.2,2.9,1.1,1.9,9.6,,,,,,,,,,,,,,,,,,,,,,,,,,,,,,,,,,,,,,,,,,,,,
2868,Sam Ruopp,ERC Ingolstadt,def,4,ja,ja,0.8,5,16.9,3.38,3.38,16.2,16.4,0.0,–,–,0.1,2.3,1.5,1.8,11.2,,,,,,,,,,,,,,,,,,,,,,,,,,,,,,,,,,,,,,,,,,,,,
1553,Alexander Blank,Augsburger Panther,for,5,ja,ja,6.6,7,16.6,2.37,2.78,18.5,18.7,2.0,0.4,2.3,1.1,1.3,2.8,2.9,5.8,,,,,,,,,,,,,,,,,,,,,,,,,,,,,,,,,,,,,,,,,,,,,
3557,Ryan Murphy,EHC Red Bull München,def,5,nein,ja,3.7,7,16.5,2.36,2.08,20.9,20.4,3.3,2.7,3.4,1.2,0.7,2,5.8,0.7,,,,,,,,,,,,,,,,,,,,,,,,,,,,,,,,,,,,,,,,,,,,,
3555,Robert Lynch,Grizzlys Wolfsburg,for,3,nein,ja,17.7,7,16.4,2.34,0.12,18.5,17.1,4.7,12.5,3.3,0.8,-0.7,0.2,0.3,0,,,,,,,,,,,,,,,,,,,,,,,,,,,,,,,,,,,,,,,,,,,,,
2387,Evan Barratt,Nürnberg Ice Tigers,for,5,nein,ja,13.3,8,16.2,2.02,1.84,18.2,17.4,1.4,3.5,2.3,0.7,2.6,5.7,2.4,-2.2,,,,,,,,,,,,,,,,,,,,,,,,1.2,,,,,,,,,,,,,,,,,,,,,
4701,Brandon Davidson,Eisbären Berlin,def,3,nein,ja,7.6,7,16.1,2.3,1.82,15.3,14.7,0.0,7.2,-0.2,-0.6,2,5.2,1.1,1.4,,,,,,,,,,,,,,,,,,,,,,,,,,,,,,,,,,,,,,,,,,,,,
2113,Brady Austin,Kölner Haie,def,5,nein,ja,7.2,6,16.0,2.67,3.44,18.0,16.9,0.0,-1.2,3,4.3,4.1,–,6.7,-0.9,,,,,,,,,,,,,,,,,,,,,,,,,,,,,,,,,,,,,,,,,,,,,
1587,Julian Melchiori,Grizzlys Wolfsburg,def,4,nein,ja,7.7,7,16.0,2.29,1.36,21.6,20.7,0.3,5,4.2,2,4.3,-2,4.8,-2.3,,,,,,,,,,,,,,,,,,,,,,,,,,,,,,,,,,,,,,,,,,,,,
1211,Tobias Ancicka,Augsburger Panther,goal,1,ja,ja,6.5,4,16.0,4.0,4.0,,,,-1.8,–,–,–,4.8,-0.6,13.6,,,,,,,,,,,,,,,,,,,,,,,,,,,,,,,,,,,,,,,,,,,,,
1846,Tyler Gaudet,Grizzlys Wolfsburg,for,4,nein,ja,5.4,7,16.0,2.29,1.02,20.3,20.2,4.0,9.8,1.1,1.7,-0.1,1.1,2.2,0.2,,,,,,,,,,,,,,,,,,,,,,,,,,,,,,,,,,,,,,,,,,,,,
3275,Tobias Rieder,EHC Red Bull München,for,4,ja,ja,3.4,7,15.9,2.27,2.7,16.7,16.6,3.4,0.1,2.3,6.3,-0.9,4,3.9,0.2,,,,,,,,,,,,,,,,,,,,,,,,,,,,,,,,,,,,,,,,,,,,,
505,Spencer Machacek,Grizzlys Wolfsburg,for,4,nein,ja,6.5,5,15.8,3.16,3.16,17.3,16.9,4.5,9.3,2.1,–,–,1.2,3.3,-0.1,,,,,,,,,,,,,,,,,,,,,,,,,,,,,,,,,,,,,,,,,,,,,
4149,Akito Hirose,Pinguins Bremerhaven,def,4,nein,ja,7.5,7,15.6,2.23,2.02,23.0,23.7,2.5,4.5,1,-1.7,2.2,2.4,7.4,-0.2,,,,,,,,,,,,,,,,,,,,,,,,,,,,,,,,,,,,,,,,,,,,,
507,Marcel Noebels,Kölner Haie,for,3,ja,ja,34.7,7,15.5,2.21,3.58,18.7,19.2,3.4,-0.6,-1.8,7.3,6.2,5.3,0,-0.9,,,,,,,,,,,,,,,,,,,,,,,,,,,,,,,,,,,,,,,,,,,,,
3550,Nicholas Halloran,Straubing Tigers,for,5,nein,ja,3.8,7,15.5,2.21,2.82,15.9,14.5,2.5,-0.9,2.3,2.3,-1.8,-0.8,3.3,11.1,,,,,,,,,,,,,,,,,,,,,,,,,,,,,,,,,,,,,,,,,,,,,
885,Justin Feser,Grizzlys Wolfsburg,for,4,ja,ja,0.8,7,15.3,2.19,3.42,17.9,17.8,4.5,0,-1.8,2,5.9,0.4,7.3,1.5,,,,,,,,,,,,,,,,,,,,,,,,,,,,,,,,,,,,,,,,,,,,,
3704,Peter Abbandonato,ERC Ingolstadt,for,4,nein,ja,0.6,7,15.1,2.16,2.66,19.8,19.6,2.4,-1,2.8,1.2,4.1,2.2,4.2,1.6,,,,,,,,,,,,,,,,,,,,,,,,,,,,,,,,,,,,,,,,,,,,,
59,Stefan Loibl,Straubing Tigers,for,3,ja,ja,6.1,7,15.1,2.16,2.62,16.7,15.9,1.6,3.9,-1.9,3.4,1.2,3.5,0.8,4.2,,,,,,,,,,,,,,,,,,,,,,,,,,,,,,,,,,,,,,,,,,,,,
4318,Jamieson Rees,Straubing Tigers,for,2,nein,ja,3.1,7,14.8,2.11,2.76,17.7,15.2,0.7,-0.3,1.3,2.3,1,-1,4.5,7,,,,,,,,,,,,,,,,,,,,,,,,,,,,,,,,,,,,,,,,,,,,,
931,Philip Gogulla,Krefeld Pinguine,for,2,ja,ja,11.6,7,14.8,2.11,1.74,16.8,16.8,1.6,-1.9,8,-1.8,1.3,2,0.2,7,,,,,,,,,,,,,,,,,,,,,,,,,,,,,,,,,,,,,,,,,,,,,
3429,Kristian Reichel,Adler Mannheim,for,4,ja,ja,2.2,7,14.3,2.04,2.74,16.5,15.9,0.0,-2,2.6,3.7,1.6,2,-1.9,8.3,,,,,,,,,,,,,,,,,,,,,,,,–,,,,,,,,,,,,,,,,,,,,,
3870,Kyle Wood,Augsburger Panther,def,4,nein,ja,1.1,7,14.1,2.01,2.4,19.5,18.7,0.0,0.8,1.3,-0.7,-0.1,6.8,1.5,4.5,,,,,,,,,,,,,,,,,,,,,,,,,,,,,,,,,,,,,,,,,,,,,
3445,Owen Headrick,Nürnberg Ice Tigers,def,5,nein,ja,4.9,8,13.8,1.72,1.44,25.2,27.7,2.0,4.3,-0.7,2.8,0,3.3,2.7,-1.6,,,,,,,,,,,,,,,,,,,,,,,,3,,,,,,,,,,,,,,,,,,,,,
2834,Keaton Thompson,Grizzlys Wolfsburg,def,4,nein,ja,2.5,7,13.7,1.96,1.4,18.7,16.4,0.1,6.5,0.2,2.1,1.4,-0.5,3,1,,,,,,,,,,,,,,,,,,,,,,,,,,,,,,,,,,,,,,,,,,,,,
2468,Maksim Matushkin,Löwen Frankfurt,def,4,nein,ja,2.8,7,13.7,1.96,1.64,21.6,21.2,1.1,3.3,2.2,2.9,2.7,-0.8,1.9,1.5,,,,,,,,,,,,,,,,,,,,,,,,,,,,,,,,,,,,,,,,,,,,,
3578,Greg Meireles,Nürnberg Ice Tigers,for,2,nein,ja,2.7,8,13.3,1.66,1.3,17.7,16.0,0.8,0,3.8,5.3,0.1,3.1,-1.7,-0.3,,,,,,,,,,,,,,,,,,,,,,,,3,,,,,,,,,,,,,,,,,,,,,
1425,Eric Mik,Eisbären Berlin,def,4,ja,ja,11.3,7,13.2,1.89,1.64,15.4,13.1,0.0,4.6,0.4,2.5,0.1,2.8,0,2.8,,,,,,,,,,,,,,,,,,,,,,,,,,,,,,,,,,,,,,,,,,,,,
2028,Skyler McKenzie,Straubing Tigers,for,2,ja,ja,1.6,7,13.2,1.89,2.58,12.3,13.2,0.0,-0.1,0.4,5.2,2.1,2.2,1.2,2.2,,,,,,,,,,,,,,,,,,,,,,,,,,,,,,,,,,,,,,,,,,,,,
4338,Adam Scheel,Löwen Frankfurt,goal,2,nein,ja,7.6,4,13.0,3.25,3.25,,,,13.6,-1.2,–,–,1.6,-1,–,,,,,,,,,,,,,,,,,,,,,,,,,,,,,,,,,,,,,,,,,,,,,
3576,Riley Barber,ERC Ingolstadt,for,5,nein,ja,9.5,7,13.0,1.86,2.82,20.7,20.4,2.1,-0.8,-0.3,-0.6,1.6,2.4,3.3,7.4,,,,,,,,,,,,,,,,,,,,,,,,,,,,,,,,,,,,,,,,,,,,,
4316,Spencer Kersten,Straubing Tigers,for,2,nein,ja,1.1,7,13.0,1.86,2.08,16.6,16.3,1.6,1.3,1.3,4.1,0.8,5.7,-0.5,0.3,,,,,,,,,,,,,,,,,,,,,,,,,,,,,,,,,,,,,,,,,,,,,
3533,Adam Smith,Eisbären Berlin,def,2,nein,ja,8.6,7,12.7,1.81,1.98,16.4,16.5,0.0,1.1,1.7,1.3,3.1,0.2,2.4,2.9,,,,,,,,,,,,,,,,,,,,,,,,,,,,,,,,,,,,,,,,,,,,,
1350,Adam Payerl,Krefeld Pinguine,for,2,ja,ja,4.0,7,12.5,1.79,3.22,15.9,15.4,1.6,-0.9,-2.7,1.2,2.6,4.8,-0.9,8.4,,,,,,,,,,,,,,,,,,,,,,,,,,,,,,,,,,,,,,,,,,,,,
27,Mirko Höfflin,Schwenninger Wild Wings,for,2,ja,ja,2.0,7,12.4,1.77,1.88,15.2,14.1,1.9,-0.9,3.9,3.3,-0.9,-0.9,2.9,5,,,,,,,,,,,,,,,,,,,,,,,,,,,,,,,,,,,,,,,,,,,,,
1799,Gregor MacLeod,Kölner Haie,for,5,nein,ja,20.0,7,12.1,1.73,2.48,18.6,19.1,3.2,0.2,-0.5,5.2,4.3,2.7,-1,1.2,,,,,,,,,,,,,,,,,,,,,,,,,,,,,,,,,,,,,,,,,,,,,
506,Jonas Müller,Eisbären Berlin,def,3,ja,ja,32.6,7,12.1,1.73,1.32,22.8,21.8,0.3,3.1,2.4,2.9,1.8,0.9,-1,2,,,,,,,,,,,,,,,,,,,,,,,,,,,,,,,,,,,,,,,,,,,,,
2504,Tom Kühnhackl,Adler Mannheim,for,3,ja,ja,13.0,8,12.0,1.5,0.78,12.1,11.9,0.0,1.8,3.3,0,-0.5,3,-0.8,2.2,,,,,,,,,,,,,,,,,,,,,,,,3,,,,,,,,,,,,,,,,,,,,,
1525,Alexander Ehl,Adler Mannheim,for,3,ja,ja,8.4,8,11.8,1.48,1.48,12.6,12.1,0.0,-1.8,0,0.1,-0.8,2.1,1.8,4.2,,,,,,,,,,,,,,,,,,,,,,,,6.2,,,,,,,,,,,,,,,,,,,,,
4321,Noel Hoefenmayer,Augsburger Panther,def,2,nein,ja,4.9,7,11.8,1.69,1.72,20.7,20.3,3.0,-1,4.2,1.4,0.1,4.1,1.3,1.7,,,,,,,,,,,,,,,,,,,,,,,,,,,,,,,,,,,,,,,,,,,,,
3418,Alex Green,Straubing Tigers,def,4,nein,ja,1.6,7,11.7,1.67,2.16,18.6,20.3,0.0,1.2,-0.3,-0.1,1.7,0.2,5.8,3.2,,,,,,,,,,,,,,,,,,,,,,,,,,,,,,,,,,,,,,,,,,,,,
4251,Robin Press,Kölner Haie,def,4,nein,ja,10.6,7,11.5,1.64,1.26,16.6,18.5,1.7,3,2.2,2.3,1.9,2.1,1.1,-1.1,,,,,,,,,,,,,,,,,,,,,,,,,,,,,,,,,,,,,,,,,,,,,
1755,Luis Schinko,Grizzlys Wolfsburg,for,2,ja,ja,23.7,7,11.4,1.63,-0.22,17.9,16.4,4.0,4.2,8.3,-1.7,2.3,-1.7,0.2,-0.2,,,,,,,,,,,,,,,,,,,,,,,,,,,,,,,,,,,,,,,,,,,,,
3442,Samuel Dove-McFalls,Nürnberg Ice Tigers,for,5,ja,ja,9.7,8,11.3,1.41,1.22,19.3,18.9,1.5,3.1,1,-1,3.5,3.7,0.9,-1,,,,,,,,,,,,,,,,,,,,,,,,1.1,,,,,,,,,,,,,,,,,,,,,
487,Matthias Plachta,Adler Mannheim,for,4,ja,ja,6.4,7,11.2,1.6,2.62,17.2,17.4,3.4,–,2,5.5,4.4,3.3,-1.5,1.4,,,,,,,,,,,,,,,,,,,,,,,,-3.9,,,,,,,,,,,,,,,,,,,,,
3562,Max Calce,Adler Mannheim,for,1,ja,ja,38.6,8,11.1,1.39,-0.34,12.6,12.7,2.1,3.2,2.3,0.8,-1,-0.8,-0.8,0.1,,,,,,,,,,,,,,,,,,,,,,,,7.3,,,,,,,,,,,,,,,,,,,,,
3412,Mitchell Reinke,Eisbären Berlin,def,3,nein,ja,3.2,6,10.9,1.82,1.5,15.8,14.8,2.3,3.4,0.1,–,1.8,1.8,0.1,3.7,,,,,,,,,,,,,,,,,,,,,,,,,,,,,,,,,,,,,,,,,,,,,
1795,Christian Wejse,Pinguins Bremerhaven,for,2,ja,ja,19.7,7,10.8,1.54,1.0,18.0,18.4,1.9,4.6,1.2,2.9,1.2,1.2,0.8,-1.1,,,,,,,,,,,,,,,,,,,,,,,,,,,,,,,,,,,,,,,,,,,,,
4329,Lucas Thaler,EHC Red Bull München,for,2,nein,ja,2.5,7,10.7,1.53,1.94,16.8,16.4,3.4,1,0,4.9,1.8,1.2,1.9,-0.1,,,,,,,,,,,,,,,,,,,,,,,,,,,,,,,,,,,,,,,,,,,,,
3551,Tyler Madden,Straubing Tigers,for,4,nein,ja,1.3,7,10.7,1.53,2.26,16.7,16.7,2.6,-1,0.4,-0.6,2.1,2.3,3.2,4.3,,,,,,,,,,,,,,,,,,,,,,,,,,,,,,,,,,,,,,,,,,,,,
2804,Jakob Weber,Nürnberg Ice Tigers,def,2,ja,ja,13.5,3,10.6,3.53,3.53,13.9,13.9,2.1,1.5,6.5,–,–,–,–,–,,,,,,,,,,,,,,,,,,,,,,,,2.6,,,,,,,,,,,,,,,,,,,,,
1306,Tim Wohlgemuth,Augsburger Panther,for,2,ja,ja,5.8,7,10.6,1.51,1.62,18.2,18.1,3.0,0.3,2.2,0,5,2.8,0.2,0.1,,,,,,,,,,,,,,,,,,,,,,,,,,,,,,,,,,,,,,,,,,,,,
2389,Cole Maier,Iserlohn Roosters,for,3,nein,ja,4.7,7,10.3,1.47,1.22,18.7,19.8,3.7,0.8,3.4,1.5,0.2,0.8,2.2,1.4,,,,,,,,,,,,,,,,,,,,,,,,,,,,,,,,,,,,,,,,,,,,,
1347,Miha Verlic,Pinguins Bremerhaven,for,4,nein,ja,4.8,7,10.3,1.47,0.18,19.1,19.4,2.2,6.3,3.1,0.1,-0.9,1.7,0.7,-0.7,,,,,,,,,,,,,,,,,,,,,,,,,,,,,,,,,,,,,,,,,,,,,
3549,Nicolas Beaudin,Straubing Tigers,def,3,nein,ja,2.4,7,10.2,1.46,2.16,19.9,19.9,1.5,0.2,-0.8,0.5,1.5,-0.7,2.5,7,,,,,,,,,,,,,,,,,,,,,,,,,,,,,,,,,,,,,,,,,,,,,
3600,C.J. Suess,Krefeld Pinguine,for,1,nein,ja,8.8,7,10.1,1.44,1.58,18.7,18.6,1.1,-0.8,3,2.9,3.1,0.7,0.1,1.1,,,,,,,,,,,,,,,,,,,,,,,,,,,,,,,,,,,,,,,,,,,,,
3597,Madison Bowey,Grizzlys Wolfsburg,def,3,nein,ja,10.8,7,10.1,1.44,-0.16,18.4,17.6,1.6,4.6,6.3,-0.2,1.1,-0.6,-0.9,-0.2,,,,,,,,,,,,,,,,,,,,,,,,,,,,,,,,,,,,,,,,,,,,,
1811,Mario Zimmermann,Straubing Tigers,def,2,ja,ja,2.6,7,10.1,1.44,1.92,16.3,15.8,0.0,-0.6,1.1,1.8,0.8,3.6,1.1,2.3,,,,,,,,,,,,,,,,,,,,,,,,,,,,,,,,,,,,,,,,,,,,,
3426,Taro Hirose,EHC Red Bull München,for,5,nein,ja,3.5,7,10.1,1.44,1.6,17.6,16.8,3.5,0.2,1.9,3.5,2.1,2,1.1,-0.7,,,,,,,,,,,,,,,,,,,,,,,,,,,,,,,,,,,,,,,,,,,,,
3554,Matt Choupani,Grizzlys Wolfsburg,for,3,ja,ja,2.9,7,10.0,1.43,1.88,14.1,15.1,0.4,0.4,0.2,6.2,3.1,-0.9,1,0,,,,,,,,,,,,,,,,,,,,,,,,,,,,,,,,,,,,,,,,,,,,,
500,Maximilian Franzreb,Adler Mannheim,goal,5,ja,ja,9.2,4,10.0,2.5,2.5,,,,0.2,–,6.6,-0.6,–,–,3.8,,,,,,,,,,,,,,,,,,,,,,,,–,,,,,,,,,,,,,,,,,,,,,
4296,Peter Quenneville,Iserlohn Roosters,for,3,nein,ja,1.6,7,9.8,1.4,1.42,17.1,16.9,2.4,1.3,1.4,1.3,-1.3,-0.2,4.4,2.9,,,,,,,,,,,,,,,,,,,,,,,,,,,,,,,,,,,,,,,,,,,,,
2605,Tyler Boland,Iserlohn Roosters,for,4,nein,ja,1.5,7,9.8,1.4,0.96,17.7,16.6,3.1,5,0,1.6,0,1,0,2.2,,,,,,,,,,,,,,,,,,,,,,,,,,,,,,,,,,,,,,,,,,,,,
4350,Jackson Cates,Nürnberg Ice Tigers,for,2,nein,ja,2.0,8,9.6,1.2,1.3,18.0,16.8,1.6,0.7,2.4,0.3,2.1,3.9,0.1,0.1,,,,,,,,,,,,,,,,,,,,,,,,0,,,,,,,,,,,,,,,,,,,,,
1072,Ryan Jones,Nürnberg Ice Tigers,def,2,nein,ja,2.1,8,9.5,1.19,0.9,21.2,23.0,0.4,2.1,-0.2,0.2,2.3,4.4,-1.5,-0.9,,,,,,,,,,,,,,,,,,,,,,,,3.1,,,,,,,,,,,,,,,,,,,,,
882,Marcel Müller,Krefeld Pinguine,for,3,ja,ja,6.2,7,9.4,1.34,0.84,14.2,14.5,1.1,-2,7.2,0.2,4.3,0.2,-0.6,0.1,,,,,,,,,,,,,,,,,,,,,,,,,,,,,,,,,,,,,,,,,,,,,
3572,Patrick Russell,Kölner Haie,for,5,nein,ja,14.7,6,9.4,1.57,1.86,19.1,19.3,2.8,0.1,-0.7,5.5,3.1,2.2,–,-0.8,,,,,,,,,,,,,,,,,,,,,,,,,,,,,,,,,,,,,,,,,,,,,
1476,Tim Brunnhuber,Straubing Tigers,for,2,ja,ja,1.4,7,9.4,1.34,2.44,16.5,17.5,0.0,-0.8,-2,2.8,0,-0.3,3.5,6.2,,,,,,,,,,,,,,,,,,,,,,,,,,,,,,,,,,,,,,,,,,,,,
157,Hannibal Weitzmann,Grizzlys Wolfsburg,goal,1,ja,ja,2.7,3,9.2,3.07,3.07,,,,–,–,-0.8,–,2,8,–,,,,,,,,,,,,,,,,,,,,,,,,,,,,,,,,,,,,,,,,,,,,,
3567,Anthony Greco,Adler Mannheim,for,5,nein,ja,4.3,8,9.1,1.14,2.06,17.0,17.0,3.2,0.4,2.2,6.3,0.3,2.2,-0.9,2.4,,,,,,,,,,,,,,,,,,,,,,,,-3.8,,,,,,,,,,,,,,,,,,,,,
1665,Eric Cornel,Schwenninger Wild Wings,for,4,nein,ja,0.9,7,9.0,1.29,1.96,15.9,14.7,2.4,0.5,-1.3,8.9,-0.3,0,0.2,1,,,,,,,,,,,,,,,,,,,,,,,,,,,,,,,,,,,,,,,,,,,,,
3530,Jimmy Lambert,Augsburger Panther,for,3,nein,ja,3.8,6,9.0,1.5,1.38,16.4,16.3,2.6,2.1,1.9,0.1,4.2,1.4,-0.7,–,,,,,,,,,,,,,,,,,,,,,,,,,,,,,,,,,,,,,,,,,,,,,
3584,Tommy Pasanen,Grizzlys Wolfsburg,def,2,ja,ja,1.6,7,9.0,1.29,1.9,13.6,12.7,0.0,-0.2,-0.3,4.6,2.8,-1.8,3.2,0.7,,,,,,,,,,,,,,,,,,,,,,,,,,,,,,,,,,,,,,,,,,,,,
3139,Valtteri Kemiläinen,Kölner Haie,def,5,nein,ja,8.5,7,9.0,1.29,0.74,22.3,21.9,3.4,1.2,4.1,0.1,6,-1.6,0.7,-1.5,,,,,,,,,,,,,,,,,,,,,,,,,,,,,,,,,,,,,,,,,,,,,
546,Andreas Eder,Eisbären Berlin,for,4,ja,ja,7.2,7,8.9,1.27,1.86,17.7,17.9,2.5,0.6,-1,3.5,0.1,0.2,4.6,0.9,,,,,,,,,,,,,,,,,,,,,,,,,,,,,,,,,,,,,,,,,,,,,
1856,Lennard Nieleck,Adler Mannheim,for,1,ja,ja,3.2,7,8.9,1.27,1.78,5.2,7.8,0.0,–,0,0.9,0,2.2,3.8,2,,,,,,,,,,,,,,,,,,,,,,,,0,,,,,,,,,,,,,,,,,,,,,
88,Oliver Mebus,Krefeld Pinguine,def,2,ja,ja,4.4,7,8.9,1.27,1.68,17.5,19.0,0.1,-1.3,1.8,2.1,2,1.4,0.5,2.4,,,,,,,,,,,,,,,,,,,,,,,,,,,,,,,,,,,,,,,,,,,,,
1704,Roman Kechter,Pinguins Bremerhaven,for,1,ja,ja,8.9,4,8.9,2.23,2.23,12.8,12.5,0.4,3.6,-0.8,3.1,3,–,–,–,,,,,,,,,,,,,,,,,,,,,,,,,,,,,,,,,,,,,,,,,,,,,
1785,Riley Sheen,ERC Ingolstadt,for,3,nein,ja,8.4,7,8.8,1.26,0.48,15.2,16.3,2.1,8.3,-1.9,-0.9,3,-1.3,0.3,1.3,,,,,,,,,,,,,,,,,,,,,,,,,,,,,,,,,,,,,,,,,,,,,
4324,Luke Toporowski,Augsburger Panther,for,2,nein,ja,1.9,7,8.7,1.24,1.26,14.8,13.8,3.1,-1.8,4.2,0.5,-0.8,5,2.3,-0.7,,,,,,,,,,,,,,,,,,,,,,,,,,,,,,,,,,,,,,,,,,,,,
4260,Markus Ljungh,Kölner Haie,for,3,nein,ja,3.9,7,8.7,1.24,0.72,16.1,16.3,1.6,-0.2,5.3,-2.9,0,-0.8,7.2,0.1,,,,,,,,,,,,,,,,,,,,,,,,,,,,,,,,,,,,,,,,,,,,,
1339,Phillip Bruggisser,Pinguins Bremerhaven,def,3,ja,ja,20.1,7,8.6,1.23,0.82,21.3,21.3,1.6,2.1,2.4,-2.7,5.7,2.8,-0.1,-1.6,,,,,,,,,,,,,,,,,,,,,,,,,,,,,,,,,,,,,,,,,,,,,
550,Dominik Kahun,EHC Red Bull München,for,4,ja,ja,42.2,7,8.5,1.21,-0.02,17.7,17.5,1.8,6.2,2.4,0.3,-0.9,0.1,1.1,-0.7,,,,,,,,,,,,,,,,,,,,,,,,,,,,,,,,,,,,,,,,,,,,,
3563,Dan Renouf,Adler Mannheim,def,4,nein,ja,1.7,8,8.4,1.05,1.76,19.5,19.2,0.0,0.2,-0.9,0,-0.8,5.3,-0.1,4.4,,,,,,,,,,,,,,,,,,,,,,,,0.3,,,,,,,,,,,,,,,,,,,,,
2491,Maxwell Gildon,Krefeld Pinguine,def,2,nein,ja,5.1,7,8.4,1.2,1.3,19.5,19.7,0.1,-0.1,2,-0.9,3.5,1.4,1.6,0.9,,,,,,,,,,,,,,,,,,,,,,,,,,,,,,,,,,,,,,,,,,,,,
3565,Zachary Solow,Adler Mannheim,for,4,nein,ja,3.3,7,8.4,1.2,1.72,14.9,15.8,3.2,–,2.8,0.7,3.5,5.1,-1.9,1.2,,,,,,,,,,,,,,,,,,,,,,,,-3,,,,,,,,,,,,,,,,,,,,,
1750,Leon Hüttl,ERC Ingolstadt,def,5,ja,ja,6.0,7,8.3,1.19,1.0,21.8,21.5,2.0,1.2,2.1,1.7,1.1,-1.9,-0.1,4.2,,,,,,,,,,,,,,,,,,,,,,,,,,,,,,,,,,,,,,,,,,,,,
2463,Cameron Brace,Löwen Frankfurt,for,3,nein,ja,1.2,6,8.2,1.37,2.04,15.3,15.6,1.5,–,-2,0.2,8.3,-0.5,3.1,-0.9,,,,,,,,,,,,,,,,,,,,,,,,,,,,,,,,,,,,,,,,,,,,,
4328,Trevor Carrick,EHC Red Bull München,def,3,nein,ja,4.0,7,8.1,1.16,1.76,21.5,21.0,1.9,-0.2,-0.5,0.2,3.2,2.4,4.2,-1.2,,,,,,,,,,,,,,,,,,,,,,,,,,,,,,,,,,,,,,,,,,,,,
2126,Eric Hördler,Eisbären Berlin,for,2,ja,ja,14.3,7,8.0,1.14,0.72,12.9,13.4,0.1,2.4,2,0.7,1.7,1,0.2,0,,,,,,,,,,,,,,,,,,,,,,,,,,,,,,,,,,,,,,,,,,,,,
3430,Eric Jonathan Uba,Löwen Frankfurt,for,2,ja,ja,14.9,7,7.8,1.11,-0.94,15.1,17.1,2.1,8.3,4.2,-0.8,-3.3,1,-0.8,-0.8,,,,,,,,,,,,,,,,,,,,,,,,,,,,,,,,,,,,,,,,,,,,,
1441,Colin Ugbekile,Iserlohn Roosters,def,5,ja,ja,8.1,7,7.7,1.1,0.7,20.2,20.5,3.2,4.9,-0.7,0.7,-0.1,-0.2,4.1,-1,,,,,,,,,,,,,,,,,,,,,,,,,,,,,,,,,,,,,,,,,,,,,
1659,Maximilian Eisenmenger,Iserlohn Roosters,for,1,ja,ja,4.0,6,7.6,1.27,1.2,16.4,15.7,3.2,1.6,0.7,2.8,-1.3,-1,4.8,–,,,,,,,,,,,,,,,,,,,,,,,,,,,,,,,,,,,,,,,,,,,,,
80,Yasin Ehliz,EHC Red Bull München,for,4,ja,ja,4.0,7,7.6,1.09,0.78,19.4,17.6,1.8,2.5,1.2,1.2,-0.7,2,1.1,0.3,,,,,,,,,,,,,,,,,,,,,,,,,,,,,,,,,,,,,,,,,,,,,
3309,Moritz Warnecke,EHC Red Bull München,def,1,ja,ja,14.6,7,7.5,1.07,0.66,8.4,7.4,0.0,3.8,0.4,1.8,0,0.1,0.7,0.7,,,,,,,,,,,,,,,,,,,,,,,,,,,,,,,,,,,,,,,,,,,,,
102,Felix Bick,Krefeld Pinguine,goal,2,ja,ja,6.3,3,7.4,2.47,2.47,,,,-0.4,3,–,–,–,–,4.8,,,,,,,,,,,,,,,,,,,,,,,,,,,,,,,,,,,,,,,,,,,,,
4895,Jean-Luc Foudy,Eisbären Berlin,for,3,nein,ja,0.2,5,7.4,1.48,1.48,15.2,15.6,2.4,–,–,4.1,1.3,-0.6,-0.7,3.3,,,,,,,,,,,,,,,,,,,,,,,,,,,,,,,,,,,,,,,,,,,,,
2122,Tyler Morley,Grizzlys Wolfsburg,for,3,nein,ja,3.0,7,7.4,1.06,-0.1,20.1,19.6,4.7,3.2,4.7,-1.2,1.2,-2.7,4.1,-1.9,,,,,,,,,,,,,,,,,,,,,,,,,,,,,,,,,,,,,,,,,,,,,
1397,Daniel Pfaffengut,Löwen Frankfurt,for,3,ja,ja,5.6,6,7.3,1.22,0.7,18.9,19.0,2.3,3.8,0.4,1.3,2,0.8,-1,–,,,,,,,,,,,,,,,,,,,,,,,,,,,,,,,,,,,,,,,,,,,,,
235,Trevor Parkes,Augsburger Panther,for,1,ja,ja,19.4,7,7.1,1.01,0.58,14.4,14.2,2.1,-1,5.2,0.1,-0.1,2.9,-0.9,0.9,,,,,,,,,,,,,,,,,,,,,,,,,,,,,,,,,,,,,,,,,,,,,
1850,Philip Feist,Schwenninger Wild Wings,for,1,ja,ja,3.5,7,7.0,1.0,0.7,12.6,12.1,0.0,0,3.5,-1,3.2,-0.8,1.1,1,,,,,,,,,,,,,,,,,,,,,,,,,,,,,,,,,,,,,,,,,,,,,
528,Björn Krupp,Löwen Frankfurt,def,2,ja,ja,12.5,7,6.9,0.99,0.08,15.5,14.6,0.0,3.7,2.8,-1.8,2.7,0.4,-1.9,1,,,,,,,,,,,,,,,,,,,,,,,,,,,,,,,,,,,,,,,,,,,,,
1644,Frederik Storm,Kölner Haie,for,3,ja,ja,4.4,6,6.9,1.15,1.22,9.6,8.7,0.0,0.8,–,1,1,0,4,0.1,,,,,,,,,,,,,,,,,,,,,,,,,,,,,,,,,,,,,,,,,,,,,
1823,Manuel Wiederer,Eisbären Berlin,for,2,ja,ja,14.2,7,6.9,0.99,0.52,12.7,12.2,0.1,3.2,1.1,0.1,4.2,2.2,-3,-0.9,,,,,,,,,,,,,,,,,,,,,,,,,,,,,,,,,,,,,,,,,,,,,
554,Brooks Macek,Adler Mannheim,for,4,ja,ja,8.8,7,6.8,0.97,0.9,15.7,15.3,2.8,2.3,–,2.3,0.2,1.1,-0.2,1.1,,,,,,,,,,,,,,,,,,,,,,,,0,,,,,,,,,,,,,,,,,,,,,
1657,Enrico Henriquez Morales,Augsburger Panther,for,2,ja,ja,5.5,7,6.8,0.97,0.56,14.2,14.6,0.0,-2.3,6.3,1.1,-0.8,-1,0.8,2.7,,,,,,,,,,,,,,,,,,,,,,,,,,,,,,,,,,,,,,,,,,,,,
4319,Jakub Skarek,Straubing Tigers,goal,3,nein,ja,2.1,5,6.8,1.36,1.36,,,,-2.6,-4.2,6,3.6,–,4,–,,,,,,,,,,,,,,,,,,,,,,,,,,,,,,,,,,,,,,,,,,,,,
539,Konrad Abeltshauser,Löwen Frankfurt,def,3,ja,ja,12.4,7,6.8,0.97,0.24,21.3,19.9,0.0,3.9,1.7,-0.9,2,-0.2,1.8,-1.5,,,,,,,,,,,,,,,,,,,,,,,,,,,,,,,,,,,,,,,,,,,,,
3411,Gabriel Fontaine,Eisbären Berlin,for,3,nein,ja,7.3,5,6.7,1.34,1.34,17.3,17.1,1.3,0.7,-0.6,4.8,0.2,–,–,1.6,,,,,,,,,,,,,,,,,,,,,,,,,,,,,,,,,,,,,,,,,,,,,
1404,Justin Schütz,Adler Mannheim,for,4,ja,ja,27.0,5,6.4,1.28,1.28,16.7,16.6,2.5,2,2.9,2.2,-0.8,–,–,–,,,,,,,,,,,,,,,,,,,,,,,,0.1,,,,,,,,,,,,,,,,,,,,,
2916,Linus Fröberg,Löwen Frankfurt,def,3,nein,ja,1.8,6,6.4,1.07,0.88,18.6,19.4,1.9,2,1.3,2.2,0,1.5,–,-0.6,,,,,,,,,,,,,,,,,,,,,,,,,,,,,,,,,,,,,,,,,,,,,
1896,Philipp Krauß,Augsburger Panther,for,1,ja,ja,9.9,7,6.3,0.9,0.7,16.8,17.9,2.1,-0.3,3.1,0.7,1.1,0.2,-0.8,2.3,,,,,,,,,,,,,,,,,,,,,,,,,,,,,,,,,,,,,,,,,,,,,
3580,Timo Kose,Löwen Frankfurt,for,1,ja,ja,2.0,7,6.3,0.9,1.44,9.7,8.6,0.0,0.1,-1,0,3.1,1.5,0.7,1.9,,,,,,,,,,,,,,,,,,,,,,,,,,,,,,,,,,,,,,,,,,,,,
3575,Chris Jandric,Nürnberg Ice Tigers,def,1,nein,ja,9.9,6,6.2,1.03,1.18,18.2,19.1,2.2,0.3,3.4,0.2,0,0.1,–,–,,,,,,,,,,,,,,,,,,,,,,,,2.2,,,,,,,,,,,,,,,,,,,,,
2351,Devin Williams,ERC Ingolstadt,goal,3,ja,ja,1.8,2,6.2,3.1,3.1,,,,0.2,–,–,6,–,–,–,,,,,,,,,,,,,,,,,,,,,,,,,,,,,,,,,,,,,,,,,,,,,
1663,Adrian Klein,Straubing Tigers,def,4,ja,ja,3.4,7,6.1,0.87,0.88,15.3,15.8,0.5,3.5,-1.8,-0.9,0.7,3.9,-0.3,1,,,,,,,,,,,,,,,,,,,,,,,,,,,,,,,,,,,,,,,,,,,,,
512,Kai Wissmann,Eisbären Berlin,def,4,ja,ja,13.9,6,6.1,1.02,1.2,24.5,24.3,2.9,–,0.1,1.5,0.8,1.8,1.8,0.1,,,,,,,,,,,,,,,,,,,,,,,,,,,,,,,,,,,,,,,,,,,,,
1564,Vladimir Eminger,Pinguins Bremerhaven,def,4,ja,ja,1.0,7,6.1,0.87,0.58,17.9,18.2,0.0,0.9,2.3,-0.9,1.5,1.8,0,0.5,,,,,,,,,,,,,,,,,,,,,,,,,,,,,,,,,,,,,,,,,,,,,
648,Louis-Marc Aubry,Kölner Haie,for,4,ja,ja,3.0,6,6.0,1.0,1.22,15.1,16.2,1.6,-0.1,2.1,–,3.1,-1.9,4.3,-1.5,,,,,,,,,,,,,,,,,,,,,,,,,,,,,,,,,,,,,,,,,,,,,
2835,Thomas Schemitsch,Schwenninger Wild Wings,def,4,nein,ja,1.1,6,5.9,0.98,1.52,18.6,19.9,1.4,-1.7,1.1,2.7,4.1,-2.1,–,1.8,,,,,,,,,,,,,,,,,,,,,,,,,,,,,,,,,,,,,,,,,,,,,
92,Leonhard Pföderl,Eisbären Berlin,for,4,ja,ja,9.8,6,5.8,0.97,1.36,16.8,15.0,2.3,-1,0.2,2.4,0.1,0.1,4,–,,,,,,,,,,,,,,,,,,,,,,,,,,,,,,,,,,,,,,,,,,,,,
1364,Markus Eisenschmid,EHC Red Bull München,for,4,ja,ja,1.3,7,5.8,0.83,0.88,16.1,15.5,1.7,1.2,0.2,2.7,1,-1.9,3.2,-0.6,,,,,,,,,,,,,,,,,,,,,,,,,,,,,,,,,,,,,,,,,,,,,
4331,Emil Kvernmo Wasenden,ERC Ingolstadt,def,2,nein,ja,2.3,7,5.6,0.8,1.04,19.3,18.2,0.0,1.2,-0.8,1.8,1.1,-1.8,1.6,2.5,,,,,,,,,,,,,,,,,,,,,,,,,,,,,,,,,,,,,,,,,,,,,
1430,Nino Kinder,Pinguins Bremerhaven,for,2,ja,ja,2.2,6,5.6,0.93,0.96,16.1,17.7,0.1,–,0.8,0.3,0.2,2.3,3.1,-1.1,,,,,,,,,,,,,,,,,,,,,,,,,,,,,,,,,,,,,,,,,,,,,
595,Ross Mauermann,Grizzlys Wolfsburg,for,2,ja,ja,2.1,7,5.6,0.8,1.14,14.2,13.9,3.1,0.7,-0.8,0.2,5.2,1,2.2,-2.9,,,,,,,,,,,,,,,,,,,,,,,,,,,,,,,,,,,,,,,,,,,,,
268,Ryan Button,Augsburger Panther,def,4,ja,ja,2.1,7,5.6,0.8,0.56,17.7,18.8,0.0,-0.9,3.7,2.8,0.8,-3.5,1.7,1,,,,,,,,,,,,,,,,,,,,,,,,,,,,,,,,,,,,,,,,,,,,,
2131,Edwin Tropmann,ERC Ingolstadt,def,2,ja,ja,17.2,7,5.4,0.77,0.88,8.7,8.0,0.0,2,-1,0.7,1.5,0.3,0.8,1.1,,,,,,,,,,,,,,,,,,,,,,,,,,,,,,,,,,,,,,,,,,,,,
2888,Austen Keating,ERC Ingolstadt,for,4,nein,ja,5.5,7,5.3,0.76,-0.4,17.1,17.6,2.1,8.2,-0.9,0.2,-0.9,-0.7,-0.9,0.3,,,,,,,,,,,,,,,,,,,,,,,,,,,,,,,,,,,,,,,,,,,,,
4322,Cameron Wright,Augsburger Panther,for,3,nein,ja,0.7,3,5.3,1.77,1.77,16.8,16.8,3.1,–,–,–,–,1.3,0.2,3.8,,,,,,,,,,,,,,,,,,,,,,,,,,,,,,,,,,,,,,,,,,,,,
4330,Elias Pul,ERC Ingolstadt,for,1,ja,ja,4.9,7,5.3,0.76,0.42,9.6,9.2,0.0,2.1,1.1,-0.2,-0.7,0.1,1.9,1,,,,,,,,,,,,,,,,,,,,,,,,,,,,,,,,,,,,,,,,,,,,,
2425,Justin Scott,Iserlohn Roosters,for,4,nein,ja,0.9,6,5.3,0.88,0.7,17.7,16.3,2.0,1.8,-1.8,5.2,-3,–,2.3,0.8,,,,,,,,,,,,,,,,,,,,,,,,,,,,,,,,,,,,,,,,,,,,,
1738,Korbinian Geibel,Eisbären Berlin,def,3,ja,ja,11.9,6,5.3,0.88,0.94,12.0,9.1,0.0,0.6,0.7,2.3,–,0.7,0,1,,,,,,,,,,,,,,,,,,,,,,,,,,,,,,,,,,,,,,,,,,,,,
1313,Jakob Ustorf,Nürnberg Ice Tigers,for,2,ja,ja,1.5,8,5.2,0.65,1.02,11.2,11.9,0.0,1,-1,0.9,-0.8,5.2,0.1,-0.3,,,,,,,,,,,,,,,,,,,,,,,,0.1,,,,,,,,,,,,,,,,,,,,,
2172,Ryan MacInnis,Kölner Haie,for,4,ja,ja,1.1,6,5.2,0.87,1.04,14.9,15.3,0.9,0,0.4,1.2,6.3,-1.8,-0.9,–,,,,,,,,,,,,,,,,,,,,,,,,,,,,,,,,,,,,,,,,,,,,,
3556,Brady Ferguson,EHC Red Bull München,for,3,nein,ja,1.9,7,5.1,0.73,1.06,14.2,14.6,0.0,-0.2,0,0,-0.2,4.2,0.4,0.9,,,,,,,,,,,,,,,,,,,,,,,,,,,,,,,,,,,,,,,,,,,,,
516,Felix Brückmann,Kölner Haie,goal,2,ja,ja,2.3,1,5.0,5.0,5.0,,,,–,–,–,5,–,–,–,,,,,,,,,,,,,,,,,,,,,,,,,,,,,,,,,,,,,,,,,,,,,
1585,Max Görtz,Pinguins Bremerhaven,for,3,nein,ja,0.6,7,5.0,0.71,0.78,14.7,13.2,1.7,1,0.1,2.7,1.8,0,0.1,-0.7,,,,,,,,,,,,,,,,,,,,,,,,,,,,,,,,,,,,,,,,,,,,,
3591,Robin Norell,Iserlohn Roosters,def,2,nein,ja,0.8,7,5.0,0.71,0.92,17.8,17.7,0.2,0.7,-0.3,1.6,0.7,0.7,2.8,-1.2,,,,,,,,,,,,,,,,,,,,,,,,,,,,,,,,,,,,,,,,,,,,,
4323,Sean Malone,Augsburger Panther,for,2,nein,ja,1.9,4,5.0,1.25,1.25,18.2,18.9,1.5,0.3,1,2.5,1.2,–,–,–,,,,,,,,,,,,,,,,,,,,,,,,,,,,,,,,,,,,,,,,,,,,,
3476,Dustin Willhöft,Grizzlys Wolfsburg,for,1,ja,ja,2.8,7,4.9,0.7,1.22,11.4,10.4,0.1,0.8,-2,1,3.2,0.1,1.1,0.7,,,,,,,,,,,,,,,,,,,,,,,,,,,,,,,,,,,,,,,,,,,,,
1796,Markus Vikingstad,Eisbären Berlin,for,4,ja,ja,2.4,7,4.9,0.7,1.18,16.7,17.8,3.0,0,-1,1.2,3.2,0.1,0.3,1.1,,,,,,,,,,,,,,,,,,,,,,,,,,,,,,,,,,,,,,,,,,,,,
4340,Austin Wagner,Löwen Frankfurt,for,3,nein,ja,1.0,6,4.8,0.8,0.62,14.7,14.8,0.3,1.7,-0.7,0.1,2.2,–,-0.7,2.2,,,,,,,,,,,,,,,,,,,,,,,,,,,,,,,,,,,,,,,,,,,,,
4345,Noah Samanski,Nürnberg Ice Tigers,for,1,ja,ja,16.0,8,4.8,0.6,0.76,8.9,10.0,0.0,3.2,-1.2,-0.3,0,2.8,0.5,0.8,,,,,,,,,,,,,,,,,,,,,,,,-1,,,,,,,,,,,,,,,,,,,,,
1491,Tim Fleischer,Kölner Haie,for,3,ja,ja,2.8,6,4.8,0.8,0.34,11.7,10.1,0.0,–,3.1,-0.7,-1,0,2,1.4,,,,,,,,,,,,,,,,,,,,,,,,,,,,,,,,,,,,,,,,,,,,,
1764,Fabrizio Pilu,Augsburger Panther,def,2,ja,ja,2.9,5,4.6,0.92,0.92,14.8,15.4,0.0,-0.2,1.1,2.2,1.5,–,–,0,,,,,,,,,,,,,,,,,,,,,,,,,,,,,,,,,,,,,,,,,,,,,
2833,Lester Lancaster,Grizzlys Wolfsburg,def,3,nein,ja,5.9,7,4.6,0.66,0.86,22.6,21.7,5.1,2.1,-1.8,1.4,1.9,0.6,-0.2,0.6,,,,,,,,,,,,,,,,,,,,,,,,,,,,,,,,,,,,,,,,,,,,,
4314,Max Bleicher,Straubing Tigers,def,1,ja,ja,4.3,6,4.6,0.77,0.7,6.6,8.7,0.0,1.1,0,0,0.1,–,0.1,3.3,,,,,,,,,,,,,,,,,,,,,,,,,,,,,,,,,,,,,,,,,,,,,
1825,Nico Pertuch,Löwen Frankfurt,goal,1,ja,ja,0.5,2,4.6,2.3,2.3,,,,–,–,–,8.2,–,–,-3.6,,,,,,,,,,,,,,,,,,,,,,,,,,,,,,,,,,,,,,,,,,,,,
442,Daniel Schmölz,ERC Ingolstadt,for,4,ja,ja,2.0,7,4.4,0.63,1.32,17.7,17.7,2.2,-0.3,-1.9,2.4,2.1,1.3,1.2,-0.4,,,,,,,,,,,,,,,,,,,,,,,,,,,,,,,,,,,,,,,,,,,,,
2384,Ludwig Byström,Pinguins Bremerhaven,def,4,nein,ja,1.2,7,4.3,0.61,0.32,20.4,19.2,1.6,1.7,1,2,0.3,-1,2.1,-1.8,,,,,,,,,,,,,,,,,,,,,,,,,,,,,,,,,,,,,,,,,,,,,
2125,Maximilian Heim,Adler Mannheim,for,3,ja,ja,1.6,8,4.0,0.5,1.0,9.0,9.4,0.0,-1,0,0.2,0,3.8,0,1,,,,,,,,,,,,,,,,,,,,,,,,0,,,,,,,,,,,,,,,,,,,,,
2489,John Gilmour,Adler Mannheim,def,4,nein,ja,3.0,8,3.9,0.49,1.0,17.7,16.4,3.3,0.2,-1,0.3,3.9,0.1,0.7,0,,,,,,,,,,,,,,,,,,,,,,,,-0.3,,,,,,,,,,,,,,,,,,,,,
3443,William Graber,Grizzlys Wolfsburg,for,1,nein,ja,12.7,7,3.9,0.56,-0.7,18.4,17.3,3.9,4.2,3.2,-2,-0.9,-0.9,1.2,-0.9,,,,,,,,,,,,,,,,,,,,,,,,,,,,,,,,,,,,,,,,,,,,,
1678,Kevin Niedenz,Kölner Haie,for,2,ja,ja,16.0,7,3.8,0.54,-0.34,10.1,7.2,0.2,2.4,3.1,-1.9,-0.8,-1,2,0,,,,,,,,,,,,,,,,,,,,,,,,,,,,,,,,,,,,,,,,,,,,,
2238,Kyle Platzer,Schwenninger Wild Wings,for,3,nein,ja,1.8,7,3.8,0.54,0.62,19.6,18.9,2.6,-1.9,2.6,-0.9,3.2,0,0.1,0.7,,,,,,,,,,,,,,,,,,,,,,,,,,,,,,,,,,,,,,,,,,,,,
1435,Austin Ortega,Schwenninger Wild Wings,for,2,nein,ja,10.6,7,3.7,0.53,1.0,16.1,14.7,2.5,-0.5,-0.8,5.7,-0.7,-0.5,-1.8,2.3,,,,,,,,,,,,,,,,,,,,,,,,,,,,,,,,,,,,,,,,,,,,,
100,Marcus Weber,Nürnberg Ice Tigers,def,3,ja,ja,4.3,8,3.7,0.46,0.3,17.3,19.1,0.0,-0.3,2.8,0.2,0.2,1.1,2.1,-2.1,,,,,,,,,,,,,,,,,,,,,,,,-0.3,,,,,,,,,,,,,,,,,,,,,
1580,Nicolas Appendino,ERC Ingolstadt,def,2,ja,ja,4.2,7,3.7,0.53,0.5,10.4,9.4,0.1,1.1,0.1,-0.9,0.7,0.7,0,2,,,,,,,,,,,,,,,,,,,,,,,,,,,,,,,,,,,,,,,,,,,,,
3072,Simon Seidl,Straubing Tigers,for,1,ja,ja,2.1,7,3.7,0.53,0.8,8.9,10.2,0.2,0.7,-1,0,0.1,0.1,1.7,2.1,,,,,,,,,,,,,,,,,,,,,,,,,,,,,,,,,,,,,,,,,,,,,
4,Constantin Braun,Nürnberg Ice Tigers,def,3,ja,ja,4.3,8,3.5,0.44,0.14,17.3,21.1,0.0,3.8,-1,-0.3,0.1,1,-0.7,0.6,,,,,,,,,,,,,,,,,,,,,,,,0,,,,,,,,,,,,,,,,,,,,,
1447,Maximilian Glötzl,Augsburger Panther,def,1,ja,ja,2.9,3,3.5,1.17,1.17,7.8,7.8,0.0,–,–,–,–,2,1.5,0,,,,,,,,,,,,,,,,,,,,,,,,,,,,,,,,,,,,,,,,,,,,,
4327,Lukas Klok,EHC Red Bull München,def,3,ja,ja,3.9,7,3.4,0.49,0.26,18.4,17.3,0.0,1.1,1,1.2,-0.5,1.5,-0.3,-0.6,,,,,,,,,,,,,,,,,,,,,,,,,,,,,,,,,,,,,,,,,,,,,
4332,Patrick Brown,Adler Mannheim,for,4,nein,ja,1.8,8,3.4,0.43,0.86,17.8,17.4,3.5,1.1,-1.2,3.5,-0.1,-0.2,-1.1,2.2,,,,,,,,,,,,,,,,,,,,,,,,-0.8,,,,,,,,,,,,,,,,,,,,,
1753,Christopher DeSousa,EHC Red Bull München,for,4,nein,ja,3.9,1,3.3,3.3,3.3,14.9,14.9,2.5,3.3,–,–,–,–,–,–,,,,,,,,,,,,,,,,,,,,,,,,,,,,,,,,,,,,,,,,,,,,,
1615,Parker Tuomie,Pinguins Bremerhaven,for,3,ja,ja,7.4,7,3.3,0.47,0.5,17.8,17.9,2.3,1.5,-0.7,1,-0.8,3.4,-0.1,-1,,,,,,,,,,,,,,,,,,,,,,,,,,,,,,,,,,,,,,,,,,,,,
3531,Christian Thomas,Iserlohn Roosters,for,4,nein,ja,1.4,7,3.2,0.46,0.42,16.6,14.8,2.5,0.8,0.3,0.1,-0.5,2.4,-1,1.1,,,,,,,,,,,,,,,,,,,,,,,,,,,,,,,,,,,,,,,,,,,,,
1836,Daniel Bruch,Krefeld Pinguine,for,1,ja,ja,5.0,5,3.2,0.64,0.64,14.8,15.1,0.0,-0.7,-0.1,–,0,3.2,–,0.8,,,,,,,,,,,,,,,,,,,,,,,,,,,,,,,,,,,,,,,,,,,,,
478,Dominik Bittner,Schwenninger Wild Wings,def,2,ja,ja,3.1,4,3.2,0.8,0.8,11.9,11.4,0.1,–,–,1.2,1.1,–,0.8,0.1,,,,,,,,,,,,,,,,,,,,,,,,,,,,,,,,,,,,,,,,,,,,,
2090,Felix Maegaard Scheel,Augsburger Panther,for,2,ja,ja,1.2,7,3.2,0.46,0.56,11.0,11.8,0.0,-0.7,1.1,-1,-1.2,2.9,1.4,0.7,,,,,,,,,,,,,,,,,,,,,,,,,,,,,,,,,,,,,,,,,,,,,
1666,Julius Karrer,Nürnberg Ice Tigers,def,5,ja,ja,3.6,7,3.1,0.44,-0.22,17.1,18.2,0.1,0.7,3.5,1.8,4.3,4.8,-11,–,,,,,,,,,,,,,,,,,,,,,,,,-1,,,,,,,,,,,,,,,,,,,,,
3695,Jakin Smallwood,ERC Ingolstadt,for,1,ja,ja,3.7,1,3.0,3.0,3.0,8.6,8.6,0.1,3,–,–,–,–,–,–,,,,,,,,,,,,,,,,,,,,,,,,,,,,,,,,,,,,,,,,,,,,,
3560,Eric Martinsson,Schwenninger Wild Wings,def,4,nein,ja,1.9,7,2.9,0.41,0.74,20.4,21.8,2.0,-1.9,1.1,-0.1,1.8,0.1,-0.3,2.2,,,,,,,,,,,,,,,,,,,,,,,,,,,,,,,,,,,,,,,,,,,,,
2816,Johannes Krauß,Iserlohn Roosters,for,2,ja,ja,2.1,7,2.9,0.41,0.82,16.9,19.0,2.5,-1.3,0.1,1.1,-0.9,-1,1.1,3.8,,,,,,,,,,,,,,,,,,,,,,,,,,,,,,,,,,,,,,,,,,,,,
1985,Jake Hildebrand,Adler Mannheim,goal,2,ja,ja,17.2,4,2.8,0.7,0.7,,,,–,1.6,–,–,5,0.8,–,,,,,,,,,,,,,,,,,,,,,,,,-4.6,,,,,,,,,,,,,,,,,,,,,
1328,Morgan Ellis,ERC Ingolstadt,def,5,nein,ja,2.1,7,2.8,0.4,0.78,18.9,17.7,0.2,0,-1.1,-1.4,1.2,1.8,0.7,1.6,,,,,,,,,,,,,,,,,,,,,,,,,,,,,,,,,,,,,,,,,,,,,
4142,Ville Pokka,EHC Red Bull München,def,5,nein,ja,1.6,7,2.8,0.4,0.06,18.9,18.9,0.0,1,1.5,-1,-0.7,-0.2,1.6,0.6,,,,,,,,,,,,,,,,,,,,,,,,,,,,,,,,,,,,,,,,,,,,,
4341,Brandon Biro,Löwen Frankfurt,for,2,nein,ja,3.3,7,2.7,0.39,-0.34,19.4,18.4,1.9,3.9,0.5,-0.2,-0.3,-0.8,0.2,-0.6,,,,,,,,,,,,,,,,,,,,,,,,,,,,,,,,,,,,,,,,,,,,,
928,Mick Köhler,Krefeld Pinguine,def,2,ja,ja,2.7,7,2.7,0.39,0.7,16.1,15.5,0.0,-1,0.2,-1.2,1.4,0.7,3.5,-0.9,,,,,,,,,,,,,,,,,,,,,,,,,,,,,,,,,,,,,,,,,,,,,
2801,Nikolaus Heigl,Nürnberg Ice Tigers,for,1,ja,ja,9.5,8,2.7,0.34,-0.08,12.5,12.9,0.0,2,1.1,2.4,-1,0,-0.9,-0.9,,,,,,,,,,,,,,,,,,,,,,,,0,,,,,,,,,,,,,,,,,,,,,
2199,Norwin Panocha,Iserlohn Roosters,def,1,ja,ja,2.4,6,2.7,0.45,0.54,6.8,5.0,0.0,0,0,1.1,0.7,-0.1,–,1,,,,,,,,,,,,,,,,,,,,,,,,,,,,,,,,,,,,,,,,,,,,,
1982,Daniel Wirt,Löwen Frankfurt,def,2,ja,ja,2.2,2,2.6,1.3,1.3,16.3,16.3,0.0,1.5,1.1,–,–,–,–,–,,,,,,,,,,,,,,,,,,,,,,,,,,,,,,,,,,,,,,,,,,,,,
3106,Marco Münzenberger,Kölner Haie,for,1,ja,ja,4.2,7,2.6,0.37,0.48,6.0,4.7,0.0,0.2,0,0.1,0,0,2.3,0,,,,,,,,,,,,,,,,,,,,,,,,,,,,,,,,,,,,,,,,,,,,,
2473,Markus Schweiger,Löwen Frankfurt,for,1,ja,ja,1.4,7,2.5,0.36,0.36,13.8,14.3,0.3,0.7,0,0.1,0.8,0,2.8,-1.9,,,,,,,,,,,,,,,,,,,,,,,,,,,,,,,,,,,,,,,,,,,,,
551,Maximilian Kastner,EHC Red Bull München,def,2,ja,ja,21.2,7,2.5,0.36,0.12,17.8,17.3,0.0,1.1,0.8,-1.9,0.2,2.2,0.1,0,,,,,,,,,,,,,,,,,,,,,,,,,,,,,,,,,,,,,,,,,,,,,
143,Nicolas Krämmer,Pinguins Bremerhaven,for,3,ja,ja,2.3,5,2.5,0.5,0.5,14.7,15.2,0.1,0,4.3,-2,1.1,-0.9,–,–,,,,,,,,,,,,,,,,,,,,,,,,,,,,,,,,,,,,,,,,,,,,,
531,Fabio Pfohl,Grizzlys Wolfsburg,def,3,ja,ja,7.6,5,2.4,0.48,0.48,18.2,17.8,2.5,5.3,–,-0.8,–,-0.2,-0.2,-1.7,,,,,,,,,,,,,,,,,,,,,,,,,,,,,,,,,,,,,,,,,,,,,
3585,Matthew Wedman,Löwen Frankfurt,for,1,nein,ja,7.5,7,2.4,0.34,-1.6,16.8,17.2,2.2,6.9,3.5,-3,-4.3,0.1,-0.7,-0.1,,,,,,,,,,,,,,,,,,,,,,,,,,,,,,,,,,,,,,,,,,,,,
4140,Tanner Kero,Krefeld Pinguine,for,4,nein,ja,2.9,7,2.4,0.34,0.68,16.2,17.0,1.2,0.2,-1.2,-1.8,0.7,0.8,2.2,1.5,,,,,,,,,,,,,,,,,,,,,,,,,,,,,,,,,,,,,,,,,,,,,
1345,Dominik Uher,Löwen Frankfurt,for,2,ja,ja,1.5,3,2.2,0.73,0.73,9.3,9.3,0.0,–,–,–,–,0,0,2.2,,,,,,,,,,,,,,,,,,,,,,,,,,,,,,,,,,,,,,,,,,,,,
4342,Juha Jatkola,Krefeld Pinguine,goal,2,nein,ja,5.4,3,2.2,0.73,0.73,,,,–,–,1.8,2.8,–,-2.4,–,,,,,,,,,,,,,,,,,,,,,,,,,,,,,,,,,,,,,,,,,,,,,
3167,Bode Wilde,Schwenninger Wild Wings,def,2,ja,ja,1.4,5,2.1,0.42,0.42,16.5,16.9,2.7,-0.7,0.3,0.9,-1.1,–,–,2.7,,,,,,,,,,,,,,,,,,,,,,,,,,,,,,,,,,,,,,,,,,,,,
499,Daniel Fischbuch,Kölner Haie,for,3,ja,ja,28.6,7,2.0,0.29,-0.22,15.0,16.6,3.5,-1,4.1,-1,1.2,-0.8,0.2,-0.7,,,,,,,,,,,,,,,,,,,,,,,,,,,,,,,,,,,,,,,,,,,,,
2174,Elis Hede,EHC Red Bull München,for,4,ja,ja,1.7,7,2.0,0.29,0.52,10.4,11.0,0.0,-0.8,0.2,-0.3,0.1,4.5,-0.8,-0.9,,,,,,,,,,,,,,,,,,,,,,,,,,,,,,,,,,,,,,,,,,,,,
1731,Luca Hauf,Krefeld Pinguine,for,1,ja,ja,2.7,7,2.0,0.29,0.42,7.6,8.4,0.0,0.2,-0.3,0,-1,3.1,0,0,,,,,,,,,,,,,,,,,,,,,,,,,,,,,,,,,,,,,,,,,,,,,
2798,Luke Esposito,Adler Mannheim,for,2,nein,ja,11.0,7,2.0,0.29,0.2,16.9,16.4,2.7,-0.9,1.9,–,2.8,1,-1.8,0.3,,,,,,,,,,,,,,,,,,,,,,,,-1.3,,,,,,,,,,,,,,,,,,,,,
3122,Robin Veber,Grizzlys Wolfsburg,for,1,ja,ja,0.1,2,2.0,1.0,1.0,4.7,4.7,0.0,–,–,2,0,–,–,–,,,,,,,,,,,,,,,,,,,,,,,,,,,,,,,,,,,,,,,,,,,,,
4243,Carlos Händel,Kölner Haie,def,1,ja,ja,14.9,7,1.9,0.27,-0.14,10.7,10.3,0.2,1.6,1,0.7,-0.9,-0.2,-2,1.7,,,,,,,,,,,,,,,,,,,,,,,,,,,,,,,,,,,,,,,,,,,,,
3581,Fabio Kose,Löwen Frankfurt,def,2,ja,ja,1.5,5,1.9,0.38,0.38,13.0,15.5,0.0,–,0,-0.2,0.2,–,0.7,1.2,,,,,,,,,,,,,,,,,,,,,,,,,,,,,,,,,,,,,,,,,,,,,
2820,Julian Napravnik,Iserlohn Roosters,for,3,ja,ja,2.9,7,1.9,0.27,-0.1,17.1,16.5,3.1,3.3,-0.9,1.9,-0.9,-2.8,2.1,-0.8,,,,,,,,,,,,,,,,,,,,,,,,,,,,,,,,,,,,,,,,,,,,,
2420,Linus Brandl,Straubing Tigers,for,1,ja,ja,2.7,6,1.8,0.3,0.36,10.0,9.6,0.0,0,-1.7,0.1,0.1,0.2,3.1,–,,,,,,,,,,,,,,,,,,,,,,,,,,,,,,,,,,,,,,,,,,,,,
2754,Lukas Kälble,Adler Mannheim,def,4,ja,ja,4.0,1,1.8,1.8,1.8,18.1,18.1,0.0,–,–,–,–,–,–,1.8,,,,,,,,,,,,,,,,,,,,,,,,–,,,,,,,,,,,,,,,,,,,,,
2202,Nicolas Schindler,ERC Ingolstadt,for,1,ja,ja,0.6,7,1.8,0.26,0.34,6.0,6.4,0.0,0.1,0,0,0.2,0.2,-1.8,3.1,,,,,,,,,,,,,,,,,,,,,,,,,,,,,,,,,,,,,,,,,,,,,
1360,Janik Möser,Grizzlys Wolfsburg,def,2,ja,ja,3.2,2,1.7,0.85,0.85,12.9,12.9,0.0,–,1.7,–,0,–,–,–,,,,,,,,,,,,,,,,,,,,,,,,,,,,,,,,,,,,,,,,,,,,,
1887,Niklas Hübner,Schwenninger Wild Wings,def,1,ja,ja,1.7,7,1.6,0.23,0.08,4.2,4.3,0.0,0,1.2,0,0.2,0.1,0,0.1,,,,,,,,,,,,,,,,,,,,,,,,,,,,,,,,,,,,,,,,,,,,,
107,Stephan Daschner,Straubing Tigers,def,3,ja,ja,2.0,6,1.6,0.27,0.7,10.7,10.2,0.0,–,-1.9,0.8,0,-1.7,1.3,3.1,,,,,,,,,,,,,,,,,,,,,,,,,,,,,,,,,,,,,,,,,,,,,
1343,William Weber,Schwenninger Wild Wings,def,2,ja,ja,2.1,7,1.6,0.23,0.26,15.2,16.7,0.0,-0.2,0.5,0.8,-2.9,1.5,1.5,0.4,,,,,,,,,,,,,,,,,,,,,,,,,,,,,,,,,,,,,,,,,,,,,
527,Alexander Karachun,Schwenninger Wild Wings,for,3,ja,ja,7.6,3,1.5,0.5,0.5,19.4,19.4,2.8,–,–,–,–,-1.1,0.4,2.2,,,,,,,,,,,,,,,,,,,,,,,,,,,,,,,,,,,,,,,,,,,,,
1705,Arkadiusz Dziambor,Schwenninger Wild Wings,def,3,ja,ja,2.1,5,1.5,0.3,0.3,13.3,12.7,0.0,1.4,0.4,–,0,-0.1,-0.2,–,,,,,,,,,,,,,,,,,,,,,,,,,,,,,,,,,,,,,,,,,,,,,
2367,Noah Dunham,Löwen Frankfurt,for,1,ja,ja,0.8,7,1.5,0.21,0.48,8.7,9.1,0.0,0,-0.9,0.2,-0.8,0.7,0.2,2.1,,,,,,,,,,,,,,,,,,,,,,,,,,,,,,,,,,,,,,,,,,,,,
3323,Vadim Schreiner,Schwenninger Wild Wings,for,1,ja,ja,2.3,7,1.5,0.21,-0.26,9.8,9.5,0.0,-1,3.8,0,-0.2,-2,0.1,0.8,,,,,,,,,,,,,,,,,,,,,,,,,,,,,,,,,,,,,,,,,,,,,
4171,C.J. Smith,Pinguins Bremerhaven,for,3,nein,ja,4.8,7,1.4,0.2,-0.58,16.3,17.0,1.6,2.1,2.2,-1.9,0,-0.8,1.8,-2,,,,,,,,,,,,,,,,,,,,,,,,,,,,,,,,,,,,,,,,,,,,,
2817,Colt  Adam Conrad,Pinguins Bremerhaven,for,3,nein,ja,1.0,3,1.4,0.47,0.47,16.1,16.1,0.5,–,–,–,–,0.1,2,-0.7,,,,,,,,,,,,,,,,,,,,,,,,,,,,,,,,,,,,,,,,,,,,,
1904,Florian Bugl,Straubing Tigers,goal,1,ja,ja,3.9,2,1.4,0.7,0.7,,,,–,–,–,–,1,–,0.4,,,,,,,,,,,,,,,,,,,,,,,,,,,,,,,,,,,,,,,,,,,,,
1168,Maximilian Daubner,EHC Red Bull München,def,2,ja,ja,3.7,6,1.4,0.23,0.26,11.1,11.3,0.0,–,0.1,1.2,-0.9,2.8,0.1,-1.9,,,,,,,,,,,,,,,,,,,,,,,,,,,,,,,,,,,,,,,,,,,,,
2117,Veit Oswald,EHC Red Bull München,for,3,ja,ja,13.3,7,1.4,0.2,-0.4,13.2,13.3,0.0,1.1,2.3,-0.7,0.4,0.2,-0.9,-1,,,,,,,,,,,,,,,,,,,,,,,,,,,,,,,,,,,,,,,,,,,,,
3434,Veli-Matti Vittasmäki,Kölner Haie,def,4,nein,ja,4.7,7,1.4,0.2,0.46,20.5,19.5,0.0,0.8,-1.7,1.7,0.1,-0.3,0,0.8,,,,,,,,,,,,,,,,,,,,,,,,,,,,,,,,,,,,,,,,,,,,,
4337,Curtis Valk,Schwenninger Wild Wings,for,3,nein,ja,1.5,7,1.3,0.19,1.1,18.1,17.6,2.1,-1.9,-2.3,-0.1,-0.9,0.2,-0.9,7.2,,,,,,,,,,,,,,,,,,,,,,,,,,,,,,,,,,,,,,,,,,,,,
1540,Filip Varejcka,Straubing Tigers,for,2,ja,ja,10.3,7,1.3,0.19,-0.0,17.8,17.8,2.0,1.1,0.2,2.9,-0.2,0,-0.9,-1.8,,,,,,,,,,,,,,,,,,,,,,,,,,,,,,,,,,,,,,,,,,,,,
1677,Robin van Calster,Löwen Frankfurt,for,2,ja,ja,1.1,7,1.3,0.19,-0.22,8.4,8.6,0.0,1.7,0.7,-1,0,0.7,-0.9,0.1,,,,,,,,,,,,,,,,,,,,,,,,,,,,,,,,,,,,,,,,,,,,,
2874,Alex Breton,ERC Ingolstadt,def,5,nein,ja,10.4,7,1.2,0.17,0.3,22.8,22.5,2.4,-0.7,0.4,-0.3,2.1,0.8,-1.9,0.8,,,,,,,,,,,,,,,,,,,,,,,,,,,,,,,,,,,,,,,,,,,,,
4339,Anthony Romano,Löwen Frankfurt,for,2,nein,ja,2.2,7,1.2,0.17,-0.5,19.7,19.7,1.8,0.8,2.9,-0.7,2.1,-1.6,-0.5,-1.8,,,,,,,,,,,,,,,,,,,,,,,,,,,,,,,,,,,,,,,,,,,,,
115,Maximilian Kammerer,Kölner Haie,for,4,ja,ja,2.9,7,1.2,0.17,0.04,15.9,16.2,1.7,-1,2,0.1,-0.9,-0.8,1.3,0.5,,,,,,,,,,,,,,,,,,,,,,,,,,,,,,,,,,,,,,,,,,,,,
537,Alexander Weiß,Krefeld Pinguine,for,2,ja,ja,4.4,3,1.1,0.37,0.37,12.1,12.1,0.0,0.8,0.7,-0.4,–,–,–,–,,,,,,,,,,,,,,,,,,,,,,,,,,,,,,,,,,,,,,,,,,,,,
252,Daniel Pietta,ERC Ingolstadt,for,5,ja,ja,6.2,7,1.1,0.16,-0.18,15.0,13.6,0.0,0.6,1.4,-1.6,-1.1,0,-2.2,4,,,,,,,,,,,,,,,,,,,,,,,,,,,,,,,,,,,,,,,,,,,,,
3391,Lenny Boos,Pinguins Bremerhaven,for,1,ja,ja,2.5,2,1.1,0.55,0.55,7.5,7.5,0.0,1,0.1,–,–,–,–,–,,,,,,,,,,,,,,,,,,,,,,,,,,,,,,,,,,,,,,,,,,,,,
990,Nicholas B. Jensen,Pinguins Bremerhaven,def,2,ja,ja,4.4,3,1.1,0.37,0.37,16.2,16.2,0.1,–,–,–,–,1.7,-0.3,-0.3,,,,,,,,,,,,,,,,,,,,,,,,,,,,,,,,,,,,,,,,,,,,,
4307,Florian Reinwald,Pinguins Bremerhaven,for,1,ja,ja,0.4,5,1.0,0.2,0.2,6.1,6.4,0.0,–,–,0,0,0,1,0,,,,,,,,,,,,,,,,,,,,,,,,,,,,,,,,,,,,,,,,,,,,,
3446,Jeremy McKenna,EHC Red Bull München,for,4,nein,ja,2.9,7,1.0,0.14,-0.1,16.2,14.7,1.8,2.1,-0.6,2.2,-0.4,1.4,1.8,-5.5,,,,,,,,,,,,,,,,,,,,,,,,,,,,,,,,,,,,,,,,,,,,,
4241,Nico Wiens,Kölner Haie,goal,1,ja,ja,0.4,1,1.0,1.0,1.0,,,,–,–,–,–,–,–,1,,,,,,,,,,,,,,,,,,,,,,,,,,,,,,,,,,,,,,,,,,,,,
2945,Tim Schütz,Krefeld Pinguine,for,1,ja,ja,6.5,7,1.0,0.14,0.06,7.0,8.3,0.0,0.7,0,0,-1,0,0.1,1.2,,,,,,,,,,,,,,,,,,,,,,,,,,,,,,,,,,,,,,,,,,,,,
1790,Maxim Rausch,Pinguins Bremerhaven,def,2,ja,ja,1.6,4,0.9,0.23,0.23,9.1,8.5,0.3,-0.9,1.1,2.7,-2,–,–,–,,,,,,,,,,,,,,,,,,,,,,,,,,,,,,,,,,,,,,,,,,,,,
146,Moritz Müller,Kölner Haie,def,3,ja,ja,13.7,7,0.9,0.13,0.4,17.4,15.6,0.0,-1.9,0.8,-0.8,0.8,-2,5.2,-1.2,,,,,,,,,,,,,,,,,,,,,,,,,,,,,,,,,,,,,,,,,,,,,
2191,Rayan Bettahar,Pinguins Bremerhaven,def,3,ja,ja,1.6,5,0.9,0.18,0.18,15.7,16.5,0.1,0.7,-1.9,1.4,0.8,-0.1,–,–,,,,,,,,,,,,,,,,,,,,,,,,,,,,,,,,,,,,,,,,,,,,,
4311,Tobias Krestan,Eisbären Berlin,for,1,ja,ja,5.3,7,0.8,0.11,0.16,7.9,7.4,0.6,0.9,-0.9,0,0,0.7,0.1,0,,,,,,,,,,,,,,,,,,,,,,,,,,,,,,,,,,,,,,,,,,,,,
426,Alex Trivellato,Schwenninger Wild Wings,def,3,ja,ja,2.6,5,0.7,0.14,0.14,16.1,15.8,0.0,0.1,0.1,1,–,-0.3,-0.2,–,,,,,,,,,,,,,,,,,,,,,,,,,,,,,,,,,,,,,,,,,,,,,
1903,Hayden Shaw,Adler Mannheim,def,2,ja,ja,6.7,5,0.7,0.14,0.14,14.9,14.1,0.0,0.8,–,–,0,0.1,0.6,–,,,,,,,,,,,,,,,,,,,,,,,,-0.8,,,,,,,,,,,,,,,,,,,,,
2213,Emil Johansson,Iserlohn Roosters,def,2,nein,ja,3.6,7,0.5,0.07,-0.16,21.2,20.6,0.0,0.5,0.8,-0.7,-0.2,-2,0.9,1.2,,,,,,,,,,,,,,,,,,,,,,,,,,,,,,,,,,,,,,,,,,,,,
3432,Juhani Tyrväinen,Kölner Haie,for,3,nein,ja,4.4,7,0.5,0.07,0.66,17.5,18.3,1.6,-3,0.2,1.4,0.1,-1.3,5,-1.9,,,,,,,,,,,,,,,,,,,,,,,,,,,,,,,,,,,,,,,,,,,,,
1609,Marc Michaelis,Adler Mannheim,for,4,ja,ja,2.7,2,0.4,0.2,0.2,12.2,12.2,1.8,0.1,–,–,–,–,–,0.3,,,,,,,,,,,,,,,,,,,,,,,,–,,,,,,,,,,,,,,,,,,,,,
4498,Roope Mäkitalo,Krefeld Pinguine,for,2,ja,ja,1.5,7,0.3,0.04,0.04,16.1,13.8,0.8,-1,1.1,0.8,0,1.3,-0.9,-1,,,,,,,,,,,,,,,,,,,,,,,,,,,,,,,,,,,,,,,,,,,,,
1901,Danjo Leonhardt,Straubing Tigers,for,3,ja,ja,4.4,2,0.2,0.1,0.1,16.9,16.9,2.7,-2.9,3.1,–,–,–,–,–,,,,,,,,,,,,,,,,,,,,,,,,,,,,,,,,,,,,,,,,,,,,,
1694,Jan Luca Sennhenn,Kölner Haie,def,3,ja,ja,7.0,6,0.2,0.03,0.42,16.0,16.8,0.0,-1.9,0.7,-1.2,–,1.8,1.6,-0.8,,,,,,,,,,,,,,,,,,,,,,,,,,,,,,,,,,,,,,,,,,,,,
4310,Rihards Griva,Eisbären Berlin,for,1,ja,ja,2.8,5,0.2,0.04,0.04,6.8,6.8,0.0,1.1,-1,–,–,0.1,0,0,,,,,,,,,,,,,,,,,,,,,,,,,,,,,,,,,,,,,,,,,,,,,
4143,Dominik Zerhoch,ERC Ingolstadt,def,1,ja,ja,0.7,2,0.1,0.05,0.05,0.8,0.8,0.0,0.1,0,–,–,–,–,–,,,,,,,,,,,,,,,,,,,,,,,,,,,,,,,,,,,,,,,,,,,,,
3408,Matej Leden,Löwen Frankfurt,for,1,ja,ja,0.8,3,0.1,0.03,0.03,7.4,7.4,0.0,-1,1,–,–,0.1,–,–,,,,,,,,,,,,,,,,,,,,,,,,,,,,,,,,,,,,,,,,,,,,,
3592,Sebastian Zwickl,Augsburger Panther,for,1,ja,ja,0.5,1,0.1,0.1,0.1,7.1,7.1,0.0,–,–,–,–,–,–,0.1,,,,,,,,,,,,,,,,,,,,,,,,,,,,,,,,,,,,,,,,,,,,,
3570,Aaron Kaiser,Kölner Haie,goal,1,ja,ja,0.6,0,0,,,,,,–,–,–,–,–,–,–,,,,,,,,,,,,,,,,,,,,,,,,,,,,,,,,,,,,,,,,,,,,,
1346,Alexander Friesen,Pinguins Bremerhaven,for,3,ja,ja,2.5,7,0.0,0.0,0.38,14.3,17.5,2.3,0.5,-2.4,0,0,2.1,1.7,-1.9,,,,,,,,,,,,,,,,,,,,,,,,,,,,,,,,,,,,,,,,,,,,,
4146,Bartholomäus Oswald,ERC Ingolstadt,goal,1,ja,ja,0.3,0,0,,,,,,–,–,–,–,–,–,–,,,,,,,,,,,,,,,,,,,,,,,,,,,,,,,,,,,,,,,,,,,,,
3586,Bence Farkas,Iserlohn Roosters,for,1,ja,ja,0.8,0,0,,,,,,–,–,–,–,–,–,–,,,,,,,,,,,,,,,,,,,,,,,,,,,,,,,,,,,,,,,,,,,,,
1763,Bennet Roßmy,Pinguins Bremerhaven,for,2,ja,ja,5.8,0,0,,,,,,–,–,–,–,–,–,–,,,,,,,,,,,,,,,,,,,,,,,,,,,,,,,,,,,,,,,,,,,,,
2923,Carl Konze,Krefeld Pinguine,def,1,ja,ja,1.6,0,0,,,,,,–,–,–,–,–,–,–,,,,,,,,,,,,,,,,,,,,,,,,,,,,,,,,,,,,,,,,,,,,,
3546,Christopher Strasen,Pinguins Bremerhaven,goal,1,ja,ja,0.3,0,0,,,,,,–,–,–,–,–,–,–,,,,,,,,,,,,,,,,,,,,,,,,,,,,,,,,,,,,,,,,,,,,,
1088,Cody Brenner,Löwen Frankfurt,goal,1,ja,ja,1.5,1,0.0,0.0,0.0,,,,–,–,0,–,–,–,–,,,,,,,,,,,,,,,,,,,,,,,,,,,,,,,,,,,,,,,,,,,,,
3564,Colin Schlenker,Adler Mannheim,def,1,ja,ja,2.4,0,0,,,,,,–,–,–,–,–,–,–,,,,,,,,,,,,,,,,,,,,,,,,–,,,,,,,,,,,,,,,,,,,,,
4320,Daniel Kettler,Grizzlys Wolfsburg,def,1,ja,ja,0.4,0,0,,,,,,–,–,–,–,–,–,–,,,,,,,,,,,,,,,,,,,,,,,,,,,,,,,,,,,,,,,,,,,,,
4153,Dave Dützka,Augsburger Panther,goal,1,ja,ja,0.1,0,0,,,,,,–,–,–,–,–,–,–,,,,,,,,,,,,,,,,,,,,,,,,,,,,,,,,,,,,,,,,,,,,,
130,Dominik Bokk,Kölner Haie,for,4,ja,ja,5.3,0,0,,,,,,–,–,–,–,–,–,–,,,,,,,,,,,,,,,,,,,,,,,,,,,,,,,,,,,,,,,,,,,,,
1401,Ennio Albrecht,Grizzlys Wolfsburg,goal,1,ja,ja,0.2,0,0,,,,,,–,–,–,–,–,–,–,,,,,,,,,,,,,,,,,,,,,,,,,,,,,,,,,,,,,,,,,,,,,
1489,Erik Buschmann,Krefeld Pinguine,def,1,ja,ja,3.5,0,0,,,,,,–,–,–,–,–,–,–,,,,,,,,,,,,,,,,,,,,,,,,,,,,,,,,,,,,,,,,,,,,,
16,Fabio Wagner,EHC Red Bull München,def,4,ja,ja,2.6,0,0,,,,,,–,–,–,–,–,–,–,,,,,,,,,,,,,,,,,,,,,,,,,,,,,,,,,,,,,,,,,,,,,
2175,Felix Noack,Adler Mannheim,goal,1,ja,ja,0.6,0,0,,,,,,–,–,–,–,–,–,–,,,,,,,,,,,,,,,,,,,,,,,,–,,,,,,,,,,,,,,,,,,,,,
1675,Finn Becker,Iserlohn Roosters,goal,1,ja,ja,0.2,0,0,,,,,,–,–,–,–,–,–,–,,,,,,,,,,,,,,,,,,,,,,,,,,,,,,,,,,,,,,,,,,,,,
4141,Fynn Wild,Grizzlys Wolfsburg,goal,1,ja,ja,0.1,0,0,,,,,,–,–,–,–,–,–,–,,,,,,,,,,,,,,,,,,,,,,,,,,,,,,,,,,,,,,,,,,,,,
4178,Gianluca Bäuml,Schwenninger Wild Wings,goal,1,ja,ja,0.1,0,0,,,,,,–,–,–,–,–,–,–,,,,,,,,,,,,,,,,,,,,,,,,,,,,,,,,,,,,,,,,,,,,,
3851,Gordejs Radionovs,Iserlohn Roosters,def,1,ja,ja,0.6,0,0,,,,,,–,–,–,–,–,–,–,,,,,,,,,,,,,,,,,,,,,,,,,,,,,,,,,,,,,,,,,,,,,
4160,Gregor Stocker,Eisbären Berlin,def,1,ja,ja,0.4,0,0,,,,,,–,–,–,–,–,–,–,,,,,,,,,,,,,,,,,,,,,,,,,,,,,,,,,,,,,,,,,,,,,
4894,Jonas Krautloher,Nürnberg Ice Tigers,goal,1,ja,ja,0.1,0,0,,,,,,–,–,–,–,–,–,–,,,,,,,,,,,,,,,,,,,,,,,,–,,,,,,,,,,,,,,,,,,,,,
1653,Julian Chrobot,Grizzlys Wolfsburg,for,3,ja,nein,0.1,0,0,,,,,,–,–,–,–,–,–,–,,,,,,,,,,,,,,,,,,,,,,,,,,,,,,,,,,,,,,,,,,,,,
2181,Julius Schulte,Krefeld Pinguine,goal,1,ja,ja,0.6,0,0,,,,,,–,–,–,–,–,–,–,,,,,,,,,,,,,,,,,,,,,,,,,,,,,,,,,,,,,,,,,,,,,
2182,Justus Roth,Augsburger Panther,goal,1,ja,ja,0.1,0,0,,,,,,–,–,–,–,–,–,–,,,,,,,,,,,,,,,,,,,,,,,,,,,,,,,,,,,,,,,,,,,,,
4344,Kevin Wall,Krefeld Pinguine,for,2,nein,ja,1.6,0,0,,,,,,–,–,–,–,–,–,–,,,,,,,,,,,,,,,,,,,,,,,,,,,,,,,,,,,,,,,,,,,,,
3547,Lennart Neiße,Eisbären Berlin,goal,1,ja,ja,0.5,0,0,,,,,,–,–,–,–,–,–,–,,,,,,,,,,,,,,,,,,,,,,,,,,,,,,,,,,,,,,,,,,,,,
3595,Liron Alec Pellizzari,Augsburger Panther,def,1,ja,ja,0.6,1,0.0,0.0,0.0,0.0,0.0,0.0,0,–,–,–,–,–,–,,,,,,,,,,,,,,,,,,,,,,,,,,,,,,,,,,,,,,,,,,,,,
3569,Luca Münzenberger,Kölner Haie,def,1,ja,ja,3.2,0,0,,,,,,–,–,–,–,–,–,–,,,,,,,,,,,,,,,,,,,,,,,,,,,,,,,,,,,,,,,,,,,,,
4347,Luis Janett,Nürnberg Ice Tigers,goal,2,ja,ja,0.9,0,0,,,,,,–,–,–,–,–,–,–,,,,,,,,,,,,,,,,,,,,,,,,–,,,,,,,,,,,,,,,,,,,,,
3199,Marian Bauer,Iserlohn Roosters,def,1,ja,ja,0.4,0,0,,,,,,–,–,–,–,–,–,–,,,,,,,,,,,,,,,,,,,,,,,,,,,,,,,,,,,,,,,,,,,,,
4309,Martin Has,Eisbären Berlin,def,1,ja,nein,,0,0,,,,,,–,–,–,–,–,–,–,,,,,,,,,,,,,,,,,,,,,,,,,,,,,,,,,,,,,,,,,,,,,
3433,Mateu Späth,Kölner Haie,for,1,ja,ja,0.8,0,0,,,,,,–,–,–,–,–,–,–,,,,,,,,,,,,,,,,,,,,,,,,,,,,,,,,,,,,,,,,,,,,,
2831,Matthias Bittner,EHC Red Bull München,goal,1,ja,ja,0.6,0,0,,,,,,–,–,–,–,–,–,–,,,,,,,,,,,,,,,,,,,,,,,,,,,,,,,,,,,,,,,,,,,,,
4326,Max Bolle,EHC Red Bull München,goal,1,ja,ja,0.2,0,0,,,,,,–,–,–,–,–,–,–,,,,,,,,,,,,,,,,,,,,,,,,,,,,,,,,,,,,,,,,,,,,,
4892,Maximilian Leister,Adler Mannheim,goal,1,ja,ja,0.2,0,0,,,,,,–,–,–,–,–,–,–,,,,,,,,,,,,,,,,,,,,,,,,–,,,,,,,,,,,,,,,,,,,,,
2194,Maximilian Merkl,Nürnberg Ice Tigers,def,1,ja,ja,0.8,1,0.0,0.0,0.0,1.0,1.0,0.0,–,–,–,–,–,–,0,,,,,,,,,,,,,,,,,,,,,,,,–,,,,,,,,,,,,,,,,,,,,,
4298,Maximilian Strauß,Iserlohn Roosters,for,1,ja,ja,0.1,0,0,,,,,,–,–,–,–,–,–,–,,,,,,,,,,,,,,,,,,,,,,,,,,,,,,,,,,,,,,,,,,,,,
3523,Moritz Kretzschmar,Eisbären Berlin,def,1,ja,ja,7.7,1,0.0,0.0,0.0,0.0,0.0,0.0,0,–,–,–,–,–,–,,,,,,,,,,,,,,,,,,,,,,,,,,,,,,,,,,,,,,,,,,,,,
3958,Moritz Kukuk,Straubing Tigers,def,1,ja,ja,0.7,0,0,,,,,,–,–,–,–,–,–,–,,,,,,,,,,,,,,,,,,,,,,,,,,,,,,,,,,,,,,,,,,,,,
1983,Nathan Burns,ERC Ingolstadt,for,2,ja,ja,0.9,0,0,,,,,,–,–,–,–,–,–,–,,,,,,,,,,,,,,,,,,,,,,,,,,,,,,,,,,,,,,,,,,,,,
3559,Niclas Hempel,Schwenninger Wild Wings,def,1,ja,ja,0.6,0,0,,,,,,–,–,–,–,–,–,–,,,,,,,,,,,,,,,,,,,,,,,,,,,,,,,,,,,,,,,,,,,,,
4181,Niclas Wolter,Eisbären Berlin,goal,1,ja,ja,0.3,0,0,,,,,,–,–,–,–,–,–,–,,,,,,,,,,,,,,,,,,,,,,,,,,,,,,,,,,,,,,,,,,,,,
4252,Nikita Müller,Kölner Haie,def,1,ja,ja,0.8,0,0,,,,,,–,–,–,–,–,–,–,,,,,,,,,,,,,,,,,,,,,,,,,,,,,,,,,,,,,,,,,,,,,
4470,Niklas Hertenstein,Iserlohn Roosters,goal,1,ja,ja,0.1,0,0,,,,,,–,–,–,–,–,–,–,,,,,,,,,,,,,,,,,,,,,,,,,,,,,,,,,,,,,,,,,,,,,
3540,Noah Münzenberger,Kölner Haie,def,1,ja,ja,2.3,0,0,,,,,,–,–,–,–,–,–,–,,,,,,,,,,,,,,,,,,,,,,,,,,,,,,,,,,,,,,,,,,,,,
2510,Noel Saffran,Eisbären Berlin,for,1,ja,ja,2.6,0,0,,,,,,–,–,–,–,–,–,–,,,,,,,,,,,,,,,,,,,,,,,,,,,,,,,,,,,,,,,,,,,,,
3465,Ole Blumenkamp,Krefeld Pinguine,goal,1,ja,ja,0.3,0,0,,,,,,–,–,–,–,–,–,–,,,,,,,,,,,,,,,,,,,,,,,,,,,,,,,,,,,,,,,,,,,,,
4893,Oliver Elias Erthel,Grizzlys Wolfsburg,goal,1,ja,ja,0.1,0,0,,,,,,–,–,–,–,–,–,–,,,,,,,,,,,,,,,,,,,,,,,,,,,,,,,,,,,,,,,,,,,,,
1075,Phil Hungerecker,Schwenninger Wild Wings,for,3,ja,ja,1.2,0,0,,,,,,–,–,–,–,–,–,–,,,,,,,,,,,,,,,,,,,,,,,,,,,,,,,,,,,,,,,,,,,,,
1771,Philip Rosa-Preto,ERC Ingolstadt,def,2,ja,ja,1.4,0,0,,,,,,–,–,–,–,–,–,–,,,,,,,,,,,,,,,,,,,,,,,,,,,,,,,,,,,,,,,,,,,,,
2900,Philipp Bidoul,Löwen Frankfurt,def,1,ja,ja,1.2,6,0.0,0.0,0.0,7.7,10.1,0.0,0,–,-0.3,0,1.5,-0.2,-1,,,,,,,,,,,,,,,,,,,,,,,,,,,,,,,,,,,,,,,,,,,,,
2133,Philipp Krening,EHC Red Bull München,for,1,ja,ja,2.4,0,0,,,,,,–,–,–,–,–,–,–,,,,,,,,,,,,,,,,,,,,,,,,,,,,,,,,,,,,,,,,,,,,,
2521,Rio Kaiser,EHC Red Bull München,def,1,ja,ja,2.5,0,0,,,,,,–,–,–,–,–,–,–,,,,,,,,,,,,,,,,,,,,,,,,,,,,,,,,,,,,,,,,,,,,,
4705,Seonwoo Park,Nürnberg Ice Tigers,for,1,ja,ja,0.1,0,0,,,,,,–,–,–,–,–,–,–,,,,,,,,,,,,,,,,,,,,,,,,–,,,,,,,,,,,,,,,,,,,,,
513,Sven Ziegler,Grizzlys Wolfsburg,for,1,ja,ja,1.7,4,-0.0,-0.0,-0.0,6.3,5.5,0.0,-1,0.1,-0.3,1.2,–,–,–,,,,,,,,,,,,,,,,,,,,,,,,,,,,,,,,,,,,,,,,,,,,,
1655,Taro Jentzsch,Straubing Tigers,for,1,ja,ja,4.3,0,0,,,,,,–,–,–,–,–,–,–,,,,,,,,,,,,,,,,,,,,,,,,,,,,,,,,,,,,,,,,,,,,,
3553,Til Raab,Grizzlys Wolfsburg,for,1,ja,ja,0.8,0,0,,,,,,–,–,–,–,–,–,–,,,,,,,,,,,,,,,,,,,,,,,,,,,,,,,,,,,,,,,,,,,,,
4176,Tobin Brandt,Kölner Haie,for,1,ja,ja,1.5,0,0,,,,,,–,–,–,–,–,–,–,,,,,,,,,,,,,,,,,,,,,,,,,,,,,,,,,,,,,,,,,,,,,
4317,Hudson Elynuik,Straubing Tigers,for,2,nein,ja,0.6,2,-0.1,-0.05,-0.05,13.2,13.2,0.0,–,–,–,–,-0.8,–,0.7,,,,,,,,,,,,,,,,,,,,,,,,,,,,,,,,,,,,,,,,,,,,,
3582,Michael Joyaux,Löwen Frankfurt,def,3,nein,ja,0.5,7,-0.1,-0.01,-0.22,22.3,24.9,2.3,-1,2,1.2,-0.9,-0.2,-0.1,-1.1,,,,,,,,,,,,,,,,,,,,,,,,,,,,,,,,,,,,,,,,,,,,,
2631,Phil Varone,Krefeld Pinguine,for,,,,,3,-0.1,-0.03,-0.03,14.8,14.8,0.3,–,–,–,–,1.1,-1.2,0,,,,,,,,,,,,,,,,,,,,,,,,,,,,,,,,,,,,,,,,,,,,,
3931,Zack Dybowski,Krefeld Pinguine,def,1,ja,ja,6.9,7,-0.2,-0.03,-0.02,17.4,16.6,0.0,-2,1.9,-1.8,-0.2,0.8,0,1.1,,,,,,,,,,,,,,,,,,,,,,,,,,,,,,,,,,,,,,,,,,,,,
1684,Håkon Hänelt,Schwenninger Wild Wings,for,1,ja,ja,2.5,7,-0.3,-0.04,0.48,14.1,12.3,0.0,-0.9,-1.8,-0.8,1.2,-1,1,2,,,,,,,,,,,,,,,,,,,,,,,,,,,,,,,,,,,,,,,,,,,,,
4308,Alexander Broadhurst,Pinguins Bremerhaven,for,3,nein,ja,2.0,4,-0.4,-0.1,-0.1,14.6,13.1,3.9,0.2,1.1,0.3,-2,–,–,–,,,,,,,,,,,,,,,,,,,,,,,,,,,,,,,,,,,,,,,,,,,,,
2020,Josef Eham,Nürnberg Ice Tigers,for,1,ja,ja,1.9,8,-0.4,-0.05,0.38,9.5,8.5,0.0,0,-2,-1.3,0.9,0.7,0.7,0.9,,,,,,,,,,,,,,,,,,,,,,,,-0.3,,,,,,,,,,,,,,,,,,,,,
139,Patrick Hager,EHC Red Bull München,for,4,ja,ja,1.7,7,-0.4,-0.06,-0.08,15.2,17.4,3.4,-0.9,0.9,1.9,-4.4,0.1,2.1,-0.1,,,,,,,,,,,,,,,,,,,,,,,,,,,,,,,,,,,,,,,,,,,,,
1998,Christian Hanke,Augsburger Panther,for,1,ja,ja,1.9,7,-0.5,-0.07,-0.12,8.7,8.4,0.0,-0.9,1,-0.2,-1.3,0,0.9,0,,,,,,,,,,,,,,,,,,,,,,,,,,,,,,,,,,,,,,,,,,,,,
4346,William Dufour,Nürnberg Ice Tigers,for,2,nein,ja,0.5,3,-0.5,-0.17,-0.17,17.3,17.3,1.3,–,–,–,–,5.1,-2.8,-2.8,,,,,,,,,,,,,,,,,,,,,,,,–,,,,,,,,,,,,,,,,,,,,,
1674,Yannick Proske,Krefeld Pinguine,for,2,ja,ja,3.9,3,-0.7,-0.23,-0.23,12.6,12.6,0.0,–,–,-1.3,0.8,–,-0.2,–,,,,,,,,,,,,,,,,,,,,,,,,,,,,,,,,,,,,,,,,,,,,,
597,Sebastian Uvira,Schwenninger Wild Wings,for,1,ja,ja,7.5,7,-0.8,-0.11,0.18,15.5,14.8,2.2,-1.8,0.1,5.4,0,-0.8,-3.9,0.2,,,,,,,,,,,,,,,,,,,,,,,,,,,,,,,,,,,,,,,,,,,,,
3577,Timo Bakos,Nürnberg Ice Tigers,for,1,ja,ja,0.9,7,-0.8,-0.11,-0.18,9.4,9.1,0.3,0,0.1,0,0,–,0.1,0,,,,,,,,,,,,,,,,,,,,,,,,-1,,,,,,,,,,,,,,,,,,,,,
4897,Keean Washkurak,Pinguins Bremerhaven,for,,,,,1,-1.0,-1.0,-1.0,15.2,15.2,0.1,–,–,–,–,–,–,-1,,,,,,,,,,,,,,,,,,,,,,,,,,,,,,,,,,,,,,,,,,,,,
3548,Sebastian Wieber,Straubing Tigers,goal,1,ja,ja,0.4,1,-1.0,-1.0,-1.0,,,,–,–,–,–,–,–,-1,,,,,,,,,,,,,,,,,,,,,,,,,,,,,,,,,,,,,,,,,,,,,
1382,Boaz Bassen,Schwenninger Wild Wings,for,2,ja,ja,1.6,7,-1.1,-0.16,0.3,15.2,15.3,1.9,-1.6,-1,0.7,-0.3,-2,0.1,3,,,,,,,,,,,,,,,,,,,,,,,,,,,,,,,,,,,,,,,,,,,,,
1451,Leon Hungerecker,Pinguins Bremerhaven,goal,2,ja,ja,2.0,1,-1.2,-1.2,-1.2,,,,–,–,–,-1.2,–,–,–,,,,,,,,,,,,,,,,,,,,,,,,,,,,,,,,,,,,,,,,,,,,,
4312,Jack LaFontaine,Eisbären Berlin,goal,2,nein,ja,17.7,3,-1.4,-0.47,-0.47,,,,4.6,-3.4,-2.6,–,–,–,–,,,,,,,,,,,,,,,,,,,,,,,,,,,,,,,,,,,,,,,,,,,,,
2877,Myles Powell,ERC Ingolstadt,for,4,nein,ja,0.8,7,-1.4,-0.2,0.08,19.9,19.6,2.0,0.1,-1.9,-0.4,-0.9,-1.9,0.1,3.5,,,,,,,,,,,,,,,,,,,,,,,,,,,,,,,,,,,,,,,,,,,,,
3428,Tobias Fohrler,Adler Mannheim,def,1,ja,ja,8.5,5,-1.4,-0.28,-0.28,14.2,13.5,0.0,–,-1.3,1.5,–,-0.3,-1,-0.3,,,,,,,,,,,,,,,,,,,,,,,,–,,,,,,,,,,,,,,,,,,,,,
2689,Andy Miele,Pinguins Bremerhaven,for,2,nein,ja,7.4,7,-1.7,-0.24,-1.18,19.9,20.5,1.5,3.1,1.1,-3,-2,-0.1,1.1,-1.9,,,,,,,,,,,,,,,,,,,,,,,,,,,,,,,,,,,,,,,,,,,,,
1459,Jonas Stettmer,ERC Ingolstadt,goal,3,ja,ja,13.1,4,-1.8,-0.45,-0.45,,,,–,-5.6,3.8,–,–,-7.2,7.2,,,,,,,,,,,,,,,,,,,,,,,,,,,,,,,,,,,,,,,,,,,,,
1681,Leo Hafenrichter,Grizzlys Wolfsburg,def,1,ja,ja,3.6,7,-2.0,-0.29,-0.54,3.5,3.9,0.0,0,0.7,-1,0.1,-0.8,-1,0,,,,,,,,,,,,,,,,,,,,,,,,,,,,,,,,,,,,,,,,,,,,,
4336,Reed Lebster,Schwenninger Wild Wings,for,2,nein,ja,2.6,7,-2.1,-0.3,0.42,17.4,17.7,2.5,-1.9,-2.3,-0.1,0.1,-0.7,2.5,0.3,,,,,,,,,,,,,,,,,,,,,,,,,,,,,,,,,,,,,,,,,,,,,
2193,Daniel Neumann,Iserlohn Roosters,for,2,ja,ja,1.2,7,-2.6,-0.37,-0.96,11.1,12.0,0.4,1.5,0.7,0.2,-0.9,-1.3,-0.9,-1.9,,,,,,,,,,,,,,,,,,,,,,,,,,,,,,,,,,,,,,,,,,,,,
416,Dustin Strahlmeier,Grizzlys Wolfsburg,goal,5,ja,ja,11.5,5,-2.6,-0.52,-0.52,,,,0.4,4.4,–,4.8,-7.6,–,-4.6,,,,,,,,,,,,,,,,,,,,,,,,,,,,,,,,,,,,,,,,,,,,,
2470,Lua Niehus,Iserlohn Roosters,def,2,ja,ja,2.0,6,-2.6,-0.43,-0.32,14.0,15.0,0.0,-1,–,0.1,-1,0.7,1.6,-3,,,,,,,,,,,,,,,,,,,,,,,,,,,,,,,,,,,,,,,,,,,,,
4325,Luis Becker,EHC Red Bull München,for,1,ja,ja,0.8,3,-2.8,-0.93,-0.93,6.6,6.6,0.0,–,–,–,–,-1,0.1,-1.9,,,,,,,,,,,,,,,,,,,,,,,,,,,,,,,,,,,,,,,,,,,,,
3307,Paul Vinzens,ERC Ingolstadt,for,1,ja,ja,0.6,4,-2.8,-0.7,-0.7,6.0,5.7,0.0,–,–,-0.9,0,-1,-0.9,–,,,,,,,,,,,,,,,,,,,,,,,,,,,,,,,,,,,,,,,,,,,,,
4148,Ty Glover,Löwen Frankfurt,for,1,nein,ja,1.7,6,-2.8,-0.47,-0.78,17.0,17.7,1.5,1.1,–,0,-0.9,-1.2,-1,-0.8,,,,,,,,,,,,,,,,,,,,,,,,,,,,,,,,,,,,,,,,,,,,,
3128,Julius Ramoser,Grizzlys Wolfsburg,for,1,ja,ja,1.2,5,-2.9,-0.58,-0.58,7.4,8.7,0.0,–,–,1,-2,0.1,0,-2,,,,,,,,,,,,,,,,,,,,,,,,,,,,,,,,,,,,,,,,,,,,,
1682,Moritz Elias,Augsburger Panther,for,1,ja,ja,4.4,7,-2.9,-0.41,-0.76,9.8,10.0,0.9,-0.2,1.1,-1,-3,0,-0.8,1,,,,,,,,,,,,,,,,,,,,,,,,,,,,,,,,,,,,,,,,,,,,,
1762,Yannick Veilleux,Eisbären Berlin,for,2,nein,ja,8.5,7,-2.9,-0.41,-0.7,16.1,17.4,2.3,0.4,0.2,-1.2,-0.9,0.1,-1.7,0.2,,,,,,,,,,,,,,,,,,,,,,,,,,,,,,,,,,,,,,,,,,,,,
3528,Daniel Geiger,Iserlohn Roosters,for,1,ja,ja,0.6,3,-3.3,-1.1,-1.1,6.4,6.4,0.1,–,–,–,–,0,0,-3.3,,,,,,,,,,,,,,,,,,,,,,,,,,,,,,,,,,,,,,,,,,,,,
3593,Peyton Jones,Augsburger Panther,goal,1,ja,ja,4.9,3,-3.4,-1.13,-1.13,,,,–,2.2,2.8,-8.4,–,–,–,,,,,,,,,,,,,,,,,,,,,,,,,,,,,,,,,,,,,,,,,,,,,
1748,Peter Spornberger,Iserlohn Roosters,def,1,ja,ja,2.6,7,-3.5,-0.5,-0.8,15.3,16.2,0.1,-0.3,0.8,1.2,-0.3,-1.9,-0.3,-2.7,,,,,,,,,,,,,,,,,,,,,,,,,,,,,,,,,,,,,,,,,,,,,
2019,Jakub Borzecki,Iserlohn Roosters,for,1,ja,ja,0.7,7,-4.3,-0.61,-0.68,7.5,9.5,0.1,0,-0.9,0,-0.3,0.1,-1,-2.2,,,,,,,,,,,,,,,,,,,,,,,,,,,,,,,,,,,,,,,,,,,,,
1405,Dennis Lobach,Iserlohn Roosters,for,1,ja,ja,1.6,7,-4.4,-0.63,-0.62,13.8,15.2,0.5,-0.3,-1,0.3,0,-1.2,0.7,-2.9,,,,,,,,,,,,,,,,,,,,,,,,,,,,,,,,,,,,,,,,,,,,,
4335,Alexander Peters,Schwenninger Wild Wings,def,2,nein,ja,0.9,7,-4.5,-0.64,0.44,19.6,20.0,0.1,-1.8,-4.9,0.9,-0.5,-0.5,-0.7,3,,,,,,,,,,,,,,,,,,,,,,,,,,,,,,,,,,,,,,,,,,,,,
4154,Antoine Bibeau,EHC Red Bull München,goal,5,nein,ja,2.4,2,-4.6,-2.3,-2.3,,,,–,-2.4,–,-2.2,–,–,–,,,,,,,,,,,,,,,,,,,,,,,,,,,,,,,,,,,,,,,,,,,,,
4277,Mac Hollowell,Iserlohn Roosters,def,3,nein,ja,2.0,7,-4.6,-0.66,-0.32,22.3,19.8,2.4,-1,-2,0.1,-1.2,0.4,0,-0.9,,,,,,,,,,,,,,,,,,,,,,,,,,,,,,,,,,,,,,,,,,,,,
2881,Abbott Girduckis,ERC Ingolstadt,for,3,ja,ja,3.9,7,-5.4,-0.77,-0.12,18.1,17.3,2.0,-3,-1.8,-1.8,0,-1.4,-0.6,3.2,,,,,,,,,,,,,,,,,,,,,,,,,,,,,,,,,,,,,,,,,,,,,
2198,Timo Ruckdäschel,Grizzlys Wolfsburg,for,1,ja,ja,1.8,5,-5.6,-1.12,-1.12,7.0,7.4,0.1,-1,-2,–,–,-1.6,0,-1,,,,,,,,,,,,,,,,,,,,,,,,,,,,,,,,,,,,,,,,,,,,,
2189,Kevin Bicker,Iserlohn Roosters,for,1,ja,ja,0.9,7,-6.3,-0.9,-1.28,9.1,9.6,0.1,0.1,0,0.1,-1.9,-0.9,-1,-2.7,,,,,,,,,,,,,,,,,,,,,,,,,,,,,,,,,,,,,,,,,,,,,
2501,Kris Bennett,Adler Mannheim,for,3,nein,ja,3.5,4,-6.3,-1.58,-1.58,12.8,12.7,0.0,-0.9,-0.8,0.3,–,–,–,–,,,,,,,,,,,,,,,,,,,,,,,,-4.9,,,,,,,,,,,,,,,,,,,,,
998,Hendrik Hane,Iserlohn Roosters,goal,2,ja,ja,3.7,4,-6.8,-1.7,-1.7,,,,–,3,1.2,–,-7.2,–,-3.8,,,,,,,,,,,,,,,,,,,,,,,,,,,,,,,,,,,,,,,,,,,,,
1594,Joacim Eriksson,Schwenninger Wild Wings,goal,4,nein,ja,2.5,5,-8.8,-1.76,-1.76,,,,-8,–,-1,-4.6,-3,–,7.8,,,,,,,,,,,,,,,,,,,,,,,,,,,,,,,,,,,,,,,,,,,,,
3407,Matthew Abt,Pinguins Bremerhaven,def,4,ja,ja,1.2,4,-9.7,-2.43,-2.43,16.7,16.3,0.0,3.8,-13.4,–,–,–,-1.3,1.2,,,,,,,,,,,,,,,,,,,,,,,,,,,,,,,,,,,,,,,,,,,,,
2813,Kenny Agostino,ERC Ingolstadt,for,4,nein,ja,2.1,6,-11.3,-1.88,-2.2,18.1,18.1,2.3,-0.3,4.4,-17.8,–,-1.8,1.2,3,,,,,,,,,,,,,,,,,,,,,,,,,,,,,,,,,,,,,,,,,,,,,
3424,Simon Wolf,Schwenninger Wild Wings,goal,1,ja,ja,1.8,3,-13.2,-4.4,-4.4,,,,–,-6.2,–,–,-3.4,-3.6,–,,,,,,,,,,,,,,,,,,,,,,,,,,,,,,,,,,,,,,,,,,,,,
4157,Janne Juvonen,Kölner Haie,goal,5,nein,ja,17.4,6,-16.4,-2.73,-1.08,,,,-11,0,-3.6,-3.8,-1.2,3.2,–,,,,,,,,,,,,,,,,,,,,,,,,,,,,,,,,,,,,,,,,,,,,,
83,Andreas Jenike,Iserlohn Roosters,goal,2,ja,ja,2.0,4,-17.2,-4.3,-4.3,,,,-4.6,–,–,-3.4,–,4,-13.2,,,,,,,,,,,,,,,,,,,,,,,,,,,,,,,,,,,,,,,,,,,,,
