spieler_id,name,team,pos,preis,dt_pass,xp,wert_pro_puck,gegner,heim,spiele,gewaehlt_pct,hinweis,ppg,toi_faktor,matchup,p_einsatz,p_start,p_sieg60,xga,xsv
3410,Liam Kirk,Eisbären Berlin,for,5,False,4.18,0.84,Pinguins Bremerhaven,False,7,34.7,,4.25,0.96,1.02,1.0,,,,
2209,Ty Ronning,Eisbären Berlin,for,5,False,3.57,0.71,Pinguins Bremerhaven,False,7,49.4,Eiszeit sinkt,3.84,0.91,1.02,1.0,,,,
2411,Nicolas Mattinen,Adler Mannheim,def,5,False,3.33,0.67,Straubing Tigers,True,8,38.5,Eiszeit sinkt,3.43,0.91,1.07,1.0,,,,
3472,Donald D.J. Busdeker,Augsburger Panther,for,4,False,2.78,0.69,Krefeld Pinguine,False,7,3.6,,3.09,0.96,0.94,1.0,,,,
1611,Leon Gawanke,Adler Mannheim,def,5,True,2.66,0.53,Straubing Tigers,True,8,12.1,,2.57,0.97,1.07,1.0,,,,
3950,Mathew Santos,Krefeld Pinguine,for,3,False,2.66,0.89,Augsburger Panther,True,7,9.4,,2.51,1.04,1.02,1.0,,,,
3594,Kyle Mayhew,Augsburger Panther,def,4,False,2.48,0.62,Krefeld Pinguine,False,7,3.4,,2.7,0.98,0.94,1.0,,,,
507,Marcel Noebels,Kölner Haie,for,3,True,2.45,0.82,Nürnberg Ice Tigers,True,7,34.7,,2.15,1.03,1.11,1.0,,,,
2935,Max Newton,Krefeld Pinguine,for,3,False,2.44,0.81,Augsburger Panther,True,7,15.7,,2.41,0.99,1.02,1.0,,,,
3576,Riley Barber,ERC Ingolstadt,for,5,False,2.35,0.47,Löwen Frankfurt,True,7,9.5,,2.08,0.99,1.15,1.0,,,,
3704,Peter Abbandonato,ERC Ingolstadt,for,4,False,2.29,0.57,Löwen Frankfurt,True,7,0.6,,2.02,0.99,1.15,1.0,,,,
885,Justin Feser,Grizzlys Wolfsburg,for,4,True,2.28,0.57,Iserlohn Roosters,False,7,0.8,,2.23,0.99,1.03,1.0,,,,
1987,Davis Vandane,Krefeld Pinguine,def,2,False,2.27,1.14,Augsburger Panther,True,7,18.9,,2.2,1.01,1.02,1.0,,,,
1799,Gregor MacLeod,Kölner Haie,for,5,False,2.22,0.44,Nürnberg Ice Tigers,True,7,20.0,,1.94,1.03,1.11,1.0,,,,
2113,Brady Austin,Kölner Haie,def,5,False,2.2,0.44,Nürnberg Ice Tigers,True,6,7.2,Einsatzquote 86%,2.45,0.94,1.11,0.86,,,,
3275,Tobias Rieder,EHC Red Bull München,for,4,True,2.18,0.55,Schwenninger Wild Wings,False,7,3.4,,2.08,0.99,1.06,1.0,,,,
4343,Stuart Percy,Krefeld Pinguine,def,3,False,2.16,0.72,Augsburger Panther,True,7,7.5,,2.11,1.0,1.02,1.0,,,,
1553,Alexander Blank,Augsburger Panther,for,5,True,2.14,0.43,Krefeld Pinguine,False,7,6.6,,2.26,1.01,0.94,1.0,,,,
2121,Jean-Christophe Beaudin,Straubing Tigers,for,3,False,2.13,0.71,Adler Mannheim,False,6,1.4,Einsatzquote 86%,2.81,1.01,0.88,0.86,,,,
3557,Ryan Murphy,EHC Red Bull München,def,5,False,2.11,0.42,Schwenninger Wild Wings,False,7,3.7,,2.03,0.98,1.06,1.0,,,,
1402,Frederik Tiffels,Eisbären Berlin,for,4,True,2.08,0.52,Pinguins Bremerhaven,False,6,14.3,Einsatzquote 86%,2.35,1.01,1.02,0.86,,,,
2868,Sam Ruopp,ERC Ingolstadt,def,4,True,2.06,0.52,Löwen Frankfurt,True,5,0.8,Einsatzquote 71%,2.48,1.01,1.15,0.71,,,,
104,Marcel Brandt,Straubing Tigers,def,5,True,1.97,0.39,Adler Mannheim,False,7,13.0,Eiszeit sinkt,2.55,0.88,0.88,1.0,,,,
4333,Jérémie Poirier,Adler Mannheim,def,3,False,1.95,0.65,Straubing Tigers,True,7,15.2,Einsatzquote 88%,2.11,0.99,1.07,0.88,,,,
1868,Alec McCrea,Augsburger Panther,def,3,False,1.89,0.63,Krefeld Pinguine,False,7,3.9,,1.95,1.04,0.94,1.0,,,,
4315,Joseph Duszak,Straubing Tigers,def,2,False,1.81,0.91,Adler Mannheim,False,7,2.4,Eiszeit sinkt,2.25,0.91,0.88,1.0,,,,
3429,Kristian Reichel,Adler Mannheim,for,4,True,1.8,0.45,Straubing Tigers,True,7,2.2,Einsatzquote 88%,2.0,0.96,1.07,0.88,,,,
1069,Jonas Neffin,Eisbären Berlin,goal,2,True,1.78,0.89,Pinguins Bremerhaven,False,4,3.2,,,,,,0.8,0.54,2.47,24.6
3550,Nicholas Halloran,Straubing Tigers,for,5,False,1.78,0.36,Adler Mannheim,False,7,3.8,Eiszeit sinkt,2.21,0.91,0.88,1.0,,,,
4251,Robin Press,Kölner Haie,def,4,False,1.78,0.45,Nürnberg Ice Tigers,True,7,10.6,Eiszeit steigt,1.44,1.11,1.11,1.0,,,,
1350,Adam Payerl,Krefeld Pinguine,for,2,True,1.74,0.87,Augsburger Panther,True,7,4.0,,1.76,0.97,1.02,1.0,,,,
505,Spencer Machacek,Grizzlys Wolfsburg,for,4,False,1.72,0.43,Iserlohn Roosters,False,5,6.5,Einsatzquote 71%,2.39,0.98,1.03,0.71,,,,
3567,Anthony Greco,Adler Mannheim,for,5,False,1.71,0.34,Straubing Tigers,True,8,4.3,,1.6,1.0,1.07,1.0,,,,
487,Matthias Plachta,Adler Mannheim,for,4,True,1.7,0.42,Straubing Tigers,True,7,6.4,Einsatzquote 88%,1.8,1.01,1.07,0.88,,,,
1846,Tyler Gaudet,Grizzlys Wolfsburg,for,4,False,1.7,0.42,Iserlohn Roosters,False,7,5.4,,1.65,0.99,1.03,1.0,,,,
4701,Brandon Davidson,Eisbären Berlin,def,3,False,1.7,0.57,Pinguins Bremerhaven,False,7,7.6,,1.73,0.96,1.02,1.0,,,,
1587,Julian Melchiori,Grizzlys Wolfsburg,def,4,False,1.69,0.42,Iserlohn Roosters,False,7,7.7,,1.71,0.96,1.03,1.0,,,,
3870,Kyle Wood,Augsburger Panther,def,4,False,1.69,0.42,Krefeld Pinguine,False,7,1.1,,1.87,0.96,0.94,1.0,,,,
4149,Akito Hirose,Pinguins Bremerhaven,def,4,False,1.68,0.42,Eisbären Berlin,True,7,7.5,,1.86,1.03,0.88,1.0,,,,
3572,Patrick Russell,Kölner Haie,for,5,False,1.66,0.33,Nürnberg Ice Tigers,True,6,14.7,Einsatzquote 86%,1.73,1.01,1.11,0.86,,,,
3426,Taro Hirose,EHC Red Bull München,for,5,False,1.63,0.33,Schwenninger Wild Wings,False,7,3.5,,1.61,0.96,1.06,1.0,,,,
3418,Alex Green,Straubing Tigers,def,4,False,1.61,0.4,Adler Mannheim,False,7,1.6,Eiszeit steigt,1.68,1.09,0.88,1.0,,,,
2387,Evan Barratt,Nürnberg Ice Tigers,for,5,False,1.6,0.32,Kölner Haie,False,8,13.3,,1.9,0.96,0.88,1.0,,,,
1863,Thomas Heigl,Nürnberg Ice Tigers,for,4,True,1.59,0.4,Kölner Haie,False,8,7.8,,1.8,1.01,0.88,1.0,,,,
59,Stefan Loibl,Straubing Tigers,for,3,True,1.58,0.53,Adler Mannheim,False,7,6.1,,1.88,0.95,0.88,1.0,,,,
3554,Matt Choupani,Grizzlys Wolfsburg,for,3,True,1.57,0.52,Iserlohn Roosters,False,7,2.9,,1.42,1.08,1.03,1.0,,,,
3445,Owen Headrick,Nürnberg Ice Tigers,def,5,False,1.57,0.31,Kölner Haie,False,8,4.9,Eiszeit steigt,1.63,1.1,0.88,1.0,,,,
931,Philip Gogulla,Krefeld Pinguine,for,2,True,1.55,0.78,Augsburger Panther,True,7,11.6,,1.51,1.0,1.02,1.0,,,,
546,Andreas Eder,Eisbären Berlin,for,4,True,1.54,0.39,Pinguins Bremerhaven,False,7,7.2,,1.48,1.01,1.02,1.0,,,,
2028,Skyler McKenzie,Straubing Tigers,for,2,True,1.54,0.77,Adler Mannheim,False,7,1.6,,1.64,1.07,0.88,1.0,,,,
3533,Adam Smith,Eisbären Berlin,def,2,False,1.51,0.76,Pinguins Bremerhaven,False,7,8.6,,1.47,1.0,1.02,1.0,,,,
1750,Leon Hüttl,ERC Ingolstadt,def,5,True,1.48,0.3,Löwen Frankfurt,True,7,6.0,,1.31,0.99,1.15,1.0,,,,
3551,Tyler Madden,Straubing Tigers,for,4,False,1.48,0.37,Adler Mannheim,False,7,1.3,,1.68,1.0,0.88,1.0,,,,
122,Mathias Niederberger,EHC Red Bull München,goal,3,True,1.47,0.49,Schwenninger Wild Wings,False,5,8.2,,,,,,0.8,0.55,2.58,23.9
4349,Austin Magera,Nürnberg Ice Tigers,for,2,False,1.47,0.73,Kölner Haie,False,8,9.9,,1.67,1.0,0.88,1.0,,,,
2834,Keaton Thompson,Grizzlys Wolfsburg,def,4,False,1.46,0.36,Iserlohn Roosters,False,7,2.5,Eiszeit sinkt,1.6,0.88,1.03,1.0,,,,
1459,Jonas Stettmer,ERC Ingolstadt,goal,3,True,1.42,0.47,Löwen Frankfurt,True,4,13.1,,,,,,0.6,0.65,2.37,22.6
1425,Eric Mik,Eisbären Berlin,def,4,True,1.42,0.35,Pinguins Bremerhaven,False,7,11.3,Eiszeit sinkt,1.63,0.85,1.02,1.0,,,,
3563,Dan Renouf,Adler Mannheim,def,4,False,1.41,0.35,Straubing Tigers,True,8,1.7,,1.34,0.98,1.07,1.0,,,,
3565,Zachary Solow,Adler Mannheim,for,4,False,1.41,0.35,Straubing Tigers,True,7,3.3,Einsatzquote 88%,1.42,1.07,1.07,0.88,,,,
3139,Valtteri Kemiläinen,Kölner Haie,def,5,False,1.4,0.28,Nürnberg Ice Tigers,True,7,8.5,,1.28,0.99,1.11,1.0,,,,
2468,Maksim Matushkin,Löwen Frankfurt,def,4,False,1.39,0.35,ERC Ingolstadt,False,7,2.8,,1.66,0.98,0.86,1.0,,,,
4329,Lucas Thaler,EHC Red Bull München,for,2,False,1.38,0.69,Schwenninger Wild Wings,False,7,2.5,,1.34,0.98,1.06,1.0,,,,
1525,Alexander Ehl,Adler Mannheim,for,3,True,1.37,0.46,Straubing Tigers,True,8,8.4,,1.34,0.96,1.07,1.0,,,,
506,Jonas Müller,Eisbären Berlin,def,3,True,1.35,0.45,Pinguins Bremerhaven,False,7,32.6,,1.38,0.95,1.02,1.0,,,,
4318,Jamieson Rees,Straubing Tigers,for,2,False,1.35,0.68,Adler Mannheim,False,7,3.1,Eiszeit sinkt,1.77,0.86,0.88,1.0,,,,
88,Oliver Mebus,Krefeld Pinguine,def,2,True,1.32,0.66,Augsburger Panther,True,7,4.4,Eiszeit steigt,1.19,1.09,1.02,1.0,,,,
3549,Nicolas Beaudin,Straubing Tigers,def,3,False,1.32,0.44,Adler Mannheim,False,7,2.4,,1.49,1.0,0.88,1.0,,,,
4157,Janne Juvonen,Kölner Haie,goal,5,False,1.32,0.26,Nürnberg Ice Tigers,True,6,17.4,,,,,,0.6,0.61,2.48,23.7
4328,Trevor Carrick,EHC Red Bull München,def,3,False,1.32,0.44,Schwenninger Wild Wings,False,7,4.0,,1.28,0.98,1.06,1.0,,,,
1476,Tim Brunnhuber,Straubing Tigers,for,2,True,1.31,0.66,Adler Mannheim,False,7,1.4,,1.4,1.06,0.88,1.0,,,,
4316,Spencer Kersten,Straubing Tigers,for,2,False,1.3,0.65,Adler Mannheim,False,7,1.1,,1.5,0.98,0.88,1.0,,,,
3442,Samuel Dove-McFalls,Nürnberg Ice Tigers,for,5,True,1.28,0.26,Kölner Haie,False,8,9.7,,1.49,0.98,0.88,1.0,,,,
442,Daniel Schmölz,ERC Ingolstadt,for,4,True,1.26,0.32,Löwen Frankfurt,True,7,2.0,,1.1,1.0,1.15,1.0,,,,
3555,Robert Lynch,Grizzlys Wolfsburg,for,3,False,1.26,0.42,Iserlohn Roosters,False,7,17.7,,1.32,0.92,1.03,1.0,,,,
648,Louis-Marc Aubry,Kölner Haie,for,4,True,1.25,0.31,Nürnberg Ice Tigers,True,6,3.0,Einsatzquote 86%,1.23,1.08,1.11,0.86,,,,
1665,Eric Cornel,Schwenninger Wild Wings,for,4,False,1.25,0.31,EHC Red Bull München,True,7,0.9,,1.51,0.92,0.9,1.0,,,,
4321,Noel Hoefenmayer,Augsburger Panther,def,2,False,1.24,0.62,Krefeld Pinguine,False,7,4.9,,1.36,0.98,0.94,1.0,,,,
1785,Riley Sheen,ERC Ingolstadt,for,3,False,1.22,0.41,Löwen Frankfurt,True,7,8.4,,0.99,1.07,1.15,1.0,,,,
2504,Tom Kühnhackl,Adler Mannheim,for,3,True,1.22,0.41,Straubing Tigers,True,8,13.0,,1.17,0.98,1.07,1.0,,,,
4342,Juha Jatkola,Krefeld Pinguine,goal,2,False,1.22,0.61,Augsburger Panther,True,3,5.4,,,,,,0.8,0.48,2.76,25.3
500,Maximilian Franzreb,Adler Mannheim,goal,5,True,1.21,0.24,Straubing Tigers,True,4,9.2,,,,,,0.6,0.57,2.49,23.4
3584,Tommy Pasanen,Grizzlys Wolfsburg,def,2,True,1.21,0.6,Iserlohn Roosters,False,7,1.6,,1.25,0.94,1.03,1.0,,,,
1856,Lennard Nieleck,Adler Mannheim,for,1,True,1.2,1.2,Straubing Tigers,True,7,3.2,"Eiszeit steigt, Einsatzquote 88%",1.07,1.2,1.07,0.88,,,,
2389,Cole Maier,Iserlohn Roosters,for,3,False,1.2,0.4,Grizzlys Wolfsburg,True,7,4.7,,1.26,1.06,0.9,1.0,,,,
1796,Markus Vikingstad,Eisbären Berlin,for,4,True,1.19,0.3,Pinguins Bremerhaven,False,7,2.4,,1.09,1.07,1.02,1.0,,,,
4260,Markus Ljungh,Kölner Haie,for,3,False,1.18,0.39,Nürnberg Ice Tigers,True,7,3.9,,1.05,1.01,1.11,1.0,,,,
27,Mirko Höfflin,Schwenninger Wild Wings,for,2,True,1.18,0.59,EHC Red Bull München,True,7,2.0,,1.42,0.92,0.9,1.0,,,,
1306,Tim Wohlgemuth,Augsburger Panther,for,2,True,1.17,0.58,Krefeld Pinguine,False,7,5.8,,1.25,1.0,0.94,1.0,,,,
882,Marcel Müller,Krefeld Pinguine,for,3,True,1.16,0.39,Augsburger Panther,True,7,6.2,,1.12,1.02,1.02,1.0,,,,
4296,Peter Quenneville,Iserlohn Roosters,for,3,False,1.14,0.38,Grizzlys Wolfsburg,True,7,1.6,,1.29,0.99,0.9,1.0,,,,
3579,Tyler Spezia,Nürnberg Ice Tigers,for,3,False,1.13,0.38,Kölner Haie,False,8,5.1,Eiszeit sinkt,1.44,0.9,0.88,1.0,,,,
1811,Mario Zimmermann,Straubing Tigers,def,2,True,1.12,0.56,Adler Mannheim,False,7,2.6,,1.32,0.97,0.88,1.0,,,,
2172,Ryan MacInnis,Kölner Haie,for,4,True,1.11,0.28,Nürnberg Ice Tigers,True,6,1.1,Einsatzquote 86%,1.13,1.03,1.11,0.86,,,,
3600,C.J. Suess,Krefeld Pinguine,for,1,False,1.1,1.1,Augsburger Panther,True,7,8.8,,1.09,0.99,1.02,1.0,,,,
2491,Maxwell Gildon,Krefeld Pinguine,def,2,False,1.09,0.55,Augsburger Panther,True,7,5.1,,1.07,1.01,1.02,1.0,,,,
1441,Colin Ugbekile,Iserlohn Roosters,def,5,True,1.09,0.22,Grizzlys Wolfsburg,True,7,8.1,,1.2,1.01,0.9,1.0,,,,
2605,Tyler Boland,Iserlohn Roosters,for,4,False,1.09,0.27,Grizzlys Wolfsburg,True,7,1.5,,1.3,0.93,0.9,1.0,,,,
416,Dustin Strahlmeier,Grizzlys Wolfsburg,goal,5,True,1.09,0.22,Iserlohn Roosters,False,5,11.5,,,,,,0.6,0.53,2.57,23.9
80,Yasin Ehliz,EHC Red Bull München,for,4,True,1.09,0.27,Schwenninger Wild Wings,False,7,4.0,Eiszeit sinkt,1.13,0.91,1.06,1.0,,,,
1364,Markus Eisenschmid,EHC Red Bull München,for,4,True,1.08,0.27,Schwenninger Wild Wings,False,7,1.3,,1.06,0.96,1.06,1.0,,,,
512,Kai Wissmann,Eisbären Berlin,def,4,True,1.05,0.26,Pinguins Bremerhaven,False,6,13.9,Einsatzquote 86%,1.2,0.99,1.02,0.86,,,,
2463,Cameron Brace,Löwen Frankfurt,for,3,False,1.05,0.35,ERC Ingolstadt,False,6,1.2,Einsatzquote 86%,1.41,1.02,0.86,0.86,,,,
3530,Jimmy Lambert,Augsburger Panther,for,3,False,1.04,0.35,Krefeld Pinguine,False,6,3.8,Einsatzquote 86%,1.3,1.0,0.94,0.86,,,,
1328,Morgan Ellis,ERC Ingolstadt,def,5,False,1.03,0.21,Löwen Frankfurt,True,7,2.1,,0.96,0.94,1.15,1.0,,,,
550,Dominik Kahun,EHC Red Bull München,for,4,True,1.03,0.26,Schwenninger Wild Wings,False,7,42.2,,0.98,0.99,1.06,1.0,,,,
554,Brooks Macek,Adler Mannheim,for,4,True,1.02,0.26,Straubing Tigers,True,7,8.8,Einsatzquote 88%,1.12,0.97,1.07,0.88,,,,
3556,Brady Ferguson,EHC Red Bull München,for,3,False,1.02,0.34,Schwenninger Wild Wings,False,7,1.9,,0.94,1.03,1.06,1.0,,,,
1347,Miha Verlic,Pinguins Bremerhaven,for,4,False,1.0,0.25,Eisbären Berlin,True,7,4.8,,1.13,1.02,0.88,1.0,,,,
1795,Christian Wejse,Pinguins Bremerhaven,for,2,True,0.99,0.49,Eisbären Berlin,True,7,19.7,,1.11,1.02,0.88,1.0,,,,
1644,Frederik Storm,Kölner Haie,for,3,True,0.99,0.33,Nürnberg Ice Tigers,True,6,4.4,"Eiszeit sinkt, Einsatzquote 86%",1.14,0.91,1.11,0.86,,,,
3578,Greg Meireles,Nürnberg Ice Tigers,for,2,False,0.99,0.49,Kölner Haie,False,8,2.7,Eiszeit sinkt,1.25,0.9,0.88,1.0,,,,
4895,Jean-Luc Foudy,Eisbären Berlin,for,3,False,0.97,0.32,Pinguins Bremerhaven,False,5,0.2,Einsatzquote 71%,1.3,1.02,1.02,0.71,,,,
1663,Adrian Klein,Straubing Tigers,def,4,True,0.96,0.24,Adler Mannheim,False,7,3.4,,1.05,1.03,0.88,1.0,,,,
2351,Devin Williams,ERC Ingolstadt,goal,3,True,0.95,0.32,Löwen Frankfurt,True,2,1.8,,,,,,0.4,0.65,2.37,22.6
2126,Eric Hördler,Eisbären Berlin,for,2,True,0.94,0.47,Pinguins Bremerhaven,False,7,14.3,,0.88,1.04,1.02,1.0,,,,
268,Ryan Button,Augsburger Panther,def,4,True,0.94,0.23,Krefeld Pinguine,False,7,2.1,,0.94,1.06,0.94,1.0,,,,
1339,Phillip Bruggisser,Pinguins Bremerhaven,def,3,True,0.93,0.31,Eisbären Berlin,True,7,20.1,,1.06,1.0,0.88,1.0,,,,
2125,Maximilian Heim,Adler Mannheim,for,3,True,0.92,0.31,Straubing Tigers,True,8,1.6,,0.83,1.04,1.07,1.0,,,,
4332,Patrick Brown,Adler Mannheim,for,4,False,0.92,0.23,Straubing Tigers,True,8,1.8,,0.88,0.98,1.07,1.0,,,,
4324,Luke Toporowski,Augsburger Panther,for,2,False,0.92,0.46,Krefeld Pinguine,False,7,1.9,,1.06,0.93,0.94,1.0,,,,
1072,Ryan Jones,Nürnberg Ice Tigers,def,2,False,0.92,0.46,Kölner Haie,False,8,2.1,Eiszeit steigt,0.97,1.09,0.88,1.0,,,,
4331,Emil Kvernmo Wasenden,ERC Ingolstadt,def,2,False,0.91,0.46,Löwen Frankfurt,True,7,2.3,,0.85,0.94,1.15,1.0,,,,
2489,John Gilmour,Adler Mannheim,def,4,False,0.91,0.23,Straubing Tigers,True,8,3.0,,0.91,0.93,1.07,1.0,,,,
3597,Madison Bowey,Grizzlys Wolfsburg,def,3,False,0.89,0.3,Iserlohn Roosters,False,7,10.8,,0.9,0.96,1.03,1.0,,,,
3411,Gabriel Fontaine,Eisbären Berlin,for,3,False,0.88,0.29,Pinguins Bremerhaven,False,5,7.3,Einsatzquote 71%,1.22,0.99,1.02,0.71,,,,
4140,Tanner Kero,Krefeld Pinguine,for,4,False,0.88,0.22,Augsburger Panther,True,7,2.9,,0.82,1.05,1.02,1.0,,,,
1564,Vladimir Eminger,Pinguins Bremerhaven,def,4,True,0.87,0.22,Eisbären Berlin,True,7,1.0,,0.97,1.01,0.88,1.0,,,,
4350,Jackson Cates,Nürnberg Ice Tigers,for,2,False,0.87,0.43,Kölner Haie,False,8,2.0,,1.07,0.93,0.88,1.0,,,,
595,Ross Mauermann,Grizzlys Wolfsburg,for,2,True,0.87,0.43,Iserlohn Roosters,False,7,2.1,,0.86,0.98,1.03,1.0,,,,
2833,Lester Lancaster,Grizzlys Wolfsburg,def,3,False,0.85,0.28,Iserlohn Roosters,False,7,5.9,,0.86,0.96,1.03,1.0,,,,
2174,Elis Hede,EHC Red Bull München,for,4,True,0.85,0.21,Schwenninger Wild Wings,False,7,1.7,,0.76,1.06,1.06,1.0,,,,
2131,Edwin Tropmann,ERC Ingolstadt,def,2,True,0.84,0.42,Löwen Frankfurt,True,7,17.2,Eiszeit sinkt,0.79,0.92,1.15,1.0,,,,
2874,Alex Breton,ERC Ingolstadt,def,5,False,0.84,0.17,Löwen Frankfurt,True,7,10.4,,0.75,0.99,1.15,1.0,,,,
2888,Austen Keating,ERC Ingolstadt,for,4,False,0.83,0.21,Löwen Frankfurt,True,7,5.5,,0.71,1.03,1.15,1.0,,,,
4142,Ville Pokka,EHC Red Bull München,def,5,False,0.82,0.16,Schwenninger Wild Wings,False,7,1.6,,0.77,1.0,1.06,1.0,,,,
1985,Jake Hildebrand,Adler Mannheim,goal,2,True,0.81,0.41,Straubing Tigers,True,4,17.2,,,,,,0.4,0.57,2.49,23.4
3560,Eric Martinsson,Schwenninger Wild Wings,def,4,False,0.81,0.2,EHC Red Bull München,True,7,1.9,,0.84,1.07,0.9,1.0,,,,
1755,Luis Schinko,Grizzlys Wolfsburg,for,2,True,0.79,0.4,Iserlohn Roosters,False,7,23.7,Eiszeit sinkt,0.83,0.92,1.03,1.0,,,,
2122,Tyler Morley,Grizzlys Wolfsburg,for,3,False,0.78,0.26,Iserlohn Roosters,False,7,3.0,,0.77,0.98,1.03,1.0,,,,
2916,Linus Fröberg,Löwen Frankfurt,def,3,False,0.78,0.26,ERC Ingolstadt,False,6,1.8,Einsatzquote 86%,1.02,1.05,0.86,0.86,,,,
2425,Justin Scott,Iserlohn Roosters,for,4,False,0.75,0.19,Grizzlys Wolfsburg,True,6,0.9,Einsatzquote 86%,1.06,0.92,0.9,0.86,,,,
1657,Enrico Henriquez Morales,Augsburger Panther,for,2,True,0.74,0.37,Krefeld Pinguine,False,7,5.5,,0.78,1.02,0.94,1.0,,,,
157,Hannibal Weitzmann,Grizzlys Wolfsburg,goal,1,True,0.73,0.73,Iserlohn Roosters,False,3,2.7,,,,,,0.4,0.53,2.57,23.9
3434,Veli-Matti Vittasmäki,Kölner Haie,def,4,False,0.73,0.18,Nürnberg Ice Tigers,True,7,4.7,,0.69,0.95,1.11,1.0,,,,
1738,Korbinian Geibel,Eisbären Berlin,def,3,True,0.72,0.24,Pinguins Bremerhaven,False,6,11.9,"Eiszeit sinkt, Einsatzquote 86%",0.97,0.85,1.02,0.86,,,,
1313,Jakob Ustorf,Nürnberg Ice Tigers,for,2,True,0.72,0.36,Kölner Haie,False,8,1.5,,0.77,1.07,0.88,1.0,,,,
1430,Nino Kinder,Pinguins Bremerhaven,for,2,True,0.71,0.35,Eisbären Berlin,True,6,2.2,"Eiszeit steigt, Einsatzquote 86%",0.86,1.1,0.88,0.86,,,,
3591,Robin Norell,Iserlohn Roosters,def,2,False,0.7,0.35,Grizzlys Wolfsburg,True,7,0.8,,0.78,1.0,0.9,1.0,,,,
252,Daniel Pietta,ERC Ingolstadt,for,5,True,0.69,0.14,Löwen Frankfurt,True,7,6.2,Eiszeit sinkt,0.66,0.91,1.15,1.0,,,,
3412,Mitchell Reinke,Eisbären Berlin,def,3,False,0.69,0.23,Pinguins Bremerhaven,False,6,3.2,,1.44,0.94,1.02,0.5,,,,
3309,Moritz Warnecke,EHC Red Bull München,def,1,True,0.69,0.69,Schwenninger Wild Wings,False,7,14.6,Eiszeit sinkt,0.74,0.88,1.06,1.0,,,,
1585,Max Görtz,Pinguins Bremerhaven,for,3,False,0.68,0.23,Eisbären Berlin,True,7,0.6,Eiszeit sinkt,0.86,0.9,0.88,1.0,,,,
3432,Juhani Tyrväinen,Kölner Haie,for,3,False,0.68,0.23,Nürnberg Ice Tigers,True,7,4.4,,0.59,1.05,1.11,1.0,,,,
3476,Dustin Willhöft,Grizzlys Wolfsburg,for,1,True,0.67,0.67,Iserlohn Roosters,False,7,2.8,Eiszeit sinkt,0.71,0.91,1.03,1.0,,,,
2384,Ludwig Byström,Pinguins Bremerhaven,def,4,False,0.67,0.17,Eisbären Berlin,True,7,1.2,,0.81,0.94,0.88,1.0,,,,
115,Maximilian Kammerer,Kölner Haie,for,4,True,0.67,0.17,Nürnberg Ice Tigers,True,7,2.9,,0.6,1.02,1.11,1.0,,,,
2238,Kyle Platzer,Schwenninger Wild Wings,for,3,False,0.66,0.22,EHC Red Bull München,True,7,1.8,,0.76,0.97,0.9,1.0,,,,
1491,Tim Fleischer,Kölner Haie,for,3,True,0.65,0.22,Nürnberg Ice Tigers,True,6,2.8,"Eiszeit sinkt, Einsatzquote 86%",0.8,0.86,1.11,0.86,,,,
1896,Philipp Krauß,Augsburger Panther,for,1,True,0.65,0.65,Krefeld Pinguine,False,7,9.9,,0.66,1.07,0.94,1.0,,,,
4337,Curtis Valk,Schwenninger Wild Wings,for,3,False,0.65,0.22,EHC Red Bull München,True,7,1.5,,0.74,0.97,0.9,1.0,,,,
539,Konrad Abeltshauser,Löwen Frankfurt,def,3,True,0.65,0.22,ERC Ingolstadt,False,7,12.4,,0.82,0.93,0.86,1.0,,,,
3580,Timo Kose,Löwen Frankfurt,for,1,True,0.65,0.65,ERC Ingolstadt,False,7,2.0,Eiszeit sinkt,0.84,0.89,0.86,1.0,,,,
3531,Christian Thomas,Iserlohn Roosters,for,4,False,0.64,0.16,Grizzlys Wolfsburg,True,7,1.4,Eiszeit sinkt,0.8,0.89,0.9,1.0,,,,
4340,Austin Wagner,Löwen Frankfurt,for,3,False,0.64,0.21,ERC Ingolstadt,False,6,1.0,Einsatzquote 86%,0.87,1.01,0.86,0.86,,,,
1580,Nicolas Appendino,ERC Ingolstadt,def,2,True,0.63,0.32,Löwen Frankfurt,True,7,4.2,Eiszeit sinkt,0.61,0.9,1.15,1.0,,,,
3562,Max Calce,Adler Mannheim,for,1,True,0.63,0.63,Straubing Tigers,True,8,38.6,,0.59,1.01,1.07,1.0,,,,
2816,Johannes Krauß,Iserlohn Roosters,for,2,True,0.63,0.32,Grizzlys Wolfsburg,True,7,2.1,Eiszeit steigt,0.63,1.12,0.9,1.0,,,,
4327,Lukas Klok,EHC Red Bull München,def,3,True,0.63,0.21,Schwenninger Wild Wings,False,7,3.9,,0.64,0.94,1.06,1.0,,,,
1615,Parker Tuomie,Pinguins Bremerhaven,for,3,True,0.62,0.21,Eisbären Berlin,True,7,7.4,,0.7,1.0,0.88,1.0,,,,
235,Trevor Parkes,Augsburger Panther,for,1,True,0.62,0.62,Krefeld Pinguine,False,7,19.4,,0.67,0.99,0.94,1.0,,,,
2835,Thomas Schemitsch,Schwenninger Wild Wings,def,4,False,0.61,0.15,EHC Red Bull München,True,6,1.1,,1.26,1.07,0.9,0.5,,,,
4,Constantin Braun,Nürnberg Ice Tigers,def,3,True,0.6,0.2,Kölner Haie,False,8,4.3,Eiszeit steigt,0.57,1.2,0.88,1.0,,,,
100,Marcus Weber,Nürnberg Ice Tigers,def,3,True,0.6,0.2,Kölner Haie,False,8,4.3,Eiszeit steigt,0.62,1.1,0.88,1.0,,,,
1850,Philip Feist,Schwenninger Wild Wings,for,1,True,0.6,0.6,EHC Red Bull München,True,7,3.5,,0.69,0.96,0.9,1.0,,,,
928,Mick Köhler,Krefeld Pinguine,def,2,True,0.59,0.29,Augsburger Panther,True,7,2.7,,0.6,0.97,1.02,1.0,,,,
1666,Julius Karrer,Nürnberg Ice Tigers,def,5,True,0.59,0.12,Kölner Haie,False,7,3.6,Einsatzquote 88%,0.72,1.07,0.88,0.88,,,,
1435,Austin Ortega,Schwenninger Wild Wings,for,2,False,0.59,0.29,EHC Red Bull München,True,7,10.6,Eiszeit sinkt,0.72,0.92,0.9,1.0,,,,
4330,Elias Pul,ERC Ingolstadt,for,1,True,0.58,0.58,Löwen Frankfurt,True,7,4.9,,0.53,0.96,1.15,1.0,,,,
139,Patrick Hager,EHC Red Bull München,for,4,True,0.58,0.14,Schwenninger Wild Wings,False,7,1.7,Eiszeit steigt,0.48,1.15,1.06,1.0,,,,
2090,Felix Maegaard Scheel,Augsburger Panther,for,2,True,0.58,0.29,Krefeld Pinguine,False,7,1.2,,0.58,1.07,0.94,1.0,,,,
92,Leonhard Pföderl,Eisbären Berlin,for,4,True,0.57,0.14,Pinguins Bremerhaven,False,6,9.8,Eiszeit sinkt,1.25,0.89,1.02,0.5,,,,
4314,Max Bleicher,Straubing Tigers,def,1,True,0.57,0.57,Adler Mannheim,False,6,4.3,"Eiszeit steigt, Einsatzquote 86%",0.63,1.2,0.88,0.86,,,,
4345,Noah Samanski,Nürnberg Ice Tigers,for,1,True,0.56,0.56,Kölner Haie,False,8,16.0,Eiszeit steigt,0.56,1.12,0.88,1.0,,,,
4322,Cameron Wright,Augsburger Panther,for,3,False,0.55,0.18,Krefeld Pinguine,False,3,0.7,Einsatzquote 43%,1.37,1.0,0.94,0.43,,,,
3072,Simon Seidl,Straubing Tigers,for,1,True,0.54,0.54,Adler Mannheim,False,7,2.1,Eiszeit steigt,0.54,1.14,0.88,1.0,,,,
146,Moritz Müller,Kölner Haie,def,3,True,0.54,0.18,Nürnberg Ice Tigers,True,7,13.7,Eiszeit sinkt,0.54,0.9,1.11,1.0,,,,
499,Daniel Fischbuch,Kölner Haie,for,3,True,0.54,0.18,Nürnberg Ice Tigers,True,7,28.6,Eiszeit steigt,0.44,1.1,1.11,1.0,,,,
1694,Jan Luca Sennhenn,Kölner Haie,def,3,True,0.54,0.18,Nürnberg Ice Tigers,True,6,7.0,Einsatzquote 86%,0.54,1.05,1.11,0.86,,,,
528,Björn Krupp,Löwen Frankfurt,def,2,True,0.54,0.27,ERC Ingolstadt,False,7,12.5,,0.67,0.94,0.86,1.0,,,,
531,Fabio Pfohl,Grizzlys Wolfsburg,def,3,True,0.53,0.18,Iserlohn Roosters,False,5,7.6,Einsatzquote 71%,0.74,0.98,1.03,0.71,,,,
3446,Jeremy McKenna,EHC Red Bull München,for,4,False,0.53,0.13,Schwenninger Wild Wings,False,7,2.9,Eiszeit sinkt,0.55,0.91,1.06,1.0,,,,
2877,Myles Powell,ERC Ingolstadt,for,4,False,0.52,0.13,Löwen Frankfurt,True,7,0.8,,0.46,0.98,1.15,1.0,,,,
1346,Alexander Friesen,Pinguins Bremerhaven,for,3,True,0.51,0.17,Eisbären Berlin,True,7,2.5,Eiszeit steigt,0.49,1.2,0.88,1.0,,,,
107,Stephan Daschner,Straubing Tigers,def,3,True,0.5,0.17,Adler Mannheim,False,6,2.0,Einsatzquote 86%,0.69,0.96,0.88,0.86,,,,
83,Andreas Jenike,Iserlohn Roosters,goal,2,True,0.48,0.24,Grizzlys Wolfsburg,True,4,2.0,,,,,,0.6,0.31,3.25,29.8
4323,Sean Malone,Augsburger Panther,for,2,False,0.48,0.24,Krefeld Pinguine,False,4,1.9,,0.99,1.04,0.94,0.5,,,,
551,Maximilian Kastner,EHC Red Bull München,def,2,True,0.46,0.23,Schwenninger Wild Wings,False,7,21.2,,0.44,0.97,1.06,1.0,,,,
4312,Jack LaFontaine,Eisbären Berlin,goal,2,False,0.44,0.22,Pinguins Bremerhaven,False,3,17.7,,,,,,0.2,0.54,2.47,24.6
4241,Nico Wiens,Kölner Haie,goal,1,True,0.44,0.44,Nürnberg Ice Tigers,True,1,0.4,,,,,,0.2,0.61,2.48,23.7
3430,Eric Jonathan Uba,Löwen Frankfurt,for,2,True,0.43,0.21,ERC Ingolstadt,False,7,14.9,Eiszeit steigt,0.45,1.13,0.86,1.0,,,,
1168,Maximilian Daubner,EHC Red Bull München,def,2,True,0.42,0.21,Schwenninger Wild Wings,False,6,3.7,Einsatzquote 86%,0.45,1.02,1.06,0.86,,,,
1343,William Weber,Schwenninger Wild Wings,def,2,True,0.42,0.21,EHC Red Bull München,True,7,2.1,Eiszeit steigt,0.43,1.1,0.9,1.0,,,,
2820,Julian Napravnik,Iserlohn Roosters,for,3,True,0.41,0.14,Grizzlys Wolfsburg,True,7,2.9,,0.47,0.96,0.9,1.0,,,,
1360,Janik Möser,Grizzlys Wolfsburg,def,2,True,0.41,0.2,Iserlohn Roosters,False,2,3.2,,0.79,1.0,1.03,0.5,,,,
1764,Fabrizio Pilu,Augsburger Panther,def,2,True,0.41,0.2,Krefeld Pinguine,False,5,2.9,,0.85,1.04,0.94,0.5,,,,
3581,Fabio Kose,Löwen Frankfurt,def,2,True,0.4,0.2,ERC Ingolstadt,False,5,1.5,"Eiszeit steigt, Einsatzquote 71%",0.55,1.19,0.86,0.71,,,,
2202,Nicolas Schindler,ERC Ingolstadt,for,1,True,0.39,0.39,Löwen Frankfurt,True,7,0.6,,0.32,1.06,1.15,1.0,,,,
2798,Luke Esposito,Adler Mannheim,for,2,False,0.39,0.2,Straubing Tigers,True,7,11.0,Einsatzquote 88%,0.42,0.98,1.07,0.88,,,,
1731,Luca Hauf,Krefeld Pinguine,for,1,True,0.39,0.39,Augsburger Panther,True,7,2.7,Eiszeit steigt,0.35,1.11,1.02,1.0,,,,
1836,Daniel Bruch,Krefeld Pinguine,for,1,True,0.39,0.39,Augsburger Panther,True,5,5.0,Einsatzquote 71%,0.52,1.02,1.02,0.71,,,,
2117,Veit Oswald,EHC Red Bull München,for,3,True,0.39,0.13,Schwenninger Wild Wings,False,7,13.3,,0.37,1.0,1.06,1.0,,,,
1705,Arkadiusz Dziambor,Schwenninger Wild Wings,def,3,True,0.39,0.13,EHC Red Bull München,True,5,2.1,Einsatzquote 71%,0.64,0.96,0.9,0.71,,,,
1823,Manuel Wiederer,Eisbären Berlin,for,2,True,0.38,0.19,Pinguins Bremerhaven,False,7,14.2,,0.77,0.96,1.02,0.5,,,,
478,Dominik Bittner,Schwenninger Wild Wings,def,2,True,0.38,0.19,EHC Red Bull München,True,4,3.1,Einsatzquote 57%,0.78,0.96,0.9,0.57,,,,
3106,Marco Münzenberger,Kölner Haie,for,1,True,0.37,0.37,Nürnberg Ice Tigers,True,7,4.2,Eiszeit sinkt,0.4,0.85,1.11,1.0,,,,
4154,Antoine Bibeau,EHC Red Bull München,goal,5,False,0.37,0.07,Schwenninger Wild Wings,False,2,2.4,,,,,,0.2,0.55,2.58,23.9
1678,Kevin Niedenz,Kölner Haie,for,2,True,0.36,0.18,Nürnberg Ice Tigers,True,7,16.0,Eiszeit sinkt,0.38,0.85,1.11,1.0,,,,
426,Alex Trivellato,Schwenninger Wild Wings,def,3,True,0.35,0.12,EHC Red Bull München,True,5,2.6,Einsatzquote 71%,0.55,0.98,0.9,0.71,,,,
998,Hendrik Hane,Iserlohn Roosters,goal,2,True,0.32,0.16,Grizzlys Wolfsburg,True,4,3.7,,,,,,0.4,0.31,3.25,29.8
1211,Tobias Ancicka,Augsburger Panther,goal,1,True,0.32,0.32,Krefeld Pinguine,False,4,6.5,,,,,,0.6,0.35,3.18,27.0
527,Alexander Karachun,Schwenninger Wild Wings,for,3,True,0.32,0.11,EHC Red Bull München,True,3,7.6,Einsatzquote 43%,0.83,1.0,0.9,0.43,,,,
2473,Markus Schweiger,Löwen Frankfurt,for,1,True,0.32,0.32,ERC Ingolstadt,False,7,1.4,,0.36,1.04,0.86,1.0,,,,
2817,Colt  Adam Conrad,Pinguins Bremerhaven,for,3,False,0.31,0.1,Eisbären Berlin,True,3,1.0,Einsatzquote 43%,0.82,1.0,0.88,0.43,,,,
1447,Maximilian Glötzl,Augsburger Panther,def,1,True,0.31,0.31,Krefeld Pinguine,False,3,2.9,Einsatzquote 43%,0.76,1.0,0.94,0.43,,,,
3582,Michael Joyaux,Löwen Frankfurt,def,3,False,0.31,0.1,ERC Ingolstadt,False,7,0.5,Eiszeit steigt,0.32,1.12,0.86,1.0,,,,
102,Felix Bick,Krefeld Pinguine,goal,2,True,0.3,0.15,Augsburger Panther,True,3,6.3,,,,,,0.2,0.48,2.76,25.3
3122,Robin Veber,Grizzlys Wolfsburg,for,1,True,0.3,0.3,Iserlohn Roosters,False,2,0.1,,0.58,1.0,1.03,0.5,,,,
2367,Noah Dunham,Löwen Frankfurt,for,1,True,0.3,0.3,ERC Ingolstadt,False,7,0.8,,0.34,1.05,0.86,1.0,,,,
537,Alexander Weiß,Krefeld Pinguine,for,2,True,0.29,0.14,Augsburger Panther,True,3,4.4,,0.57,1.0,1.02,0.5,,,,
1540,Filip Varejcka,Straubing Tigers,for,2,True,0.29,0.14,Adler Mannheim,False,7,10.3,,0.33,1.0,0.88,1.0,,,,
4171,C.J. Smith,Pinguins Bremerhaven,for,3,False,0.29,0.1,Eisbären Berlin,True,7,4.8,,0.32,1.04,0.88,1.0,,,,
1609,Marc Michaelis,Adler Mannheim,for,4,True,0.27,0.07,Straubing Tigers,True,2,2.7,Einsatzquote 25%,1.02,1.0,1.07,0.25,,,,
1345,Dominik Uher,Löwen Frankfurt,for,2,True,0.27,0.14,ERC Ingolstadt,False,3,1.5,Einsatzquote 43%,0.73,1.0,0.86,0.43,,,,
1903,Hayden Shaw,Adler Mannheim,def,2,True,0.26,0.13,Straubing Tigers,True,5,6.7,Einsatzquote 62%,0.42,0.94,1.07,0.62,,,,
3167,Bode Wilde,Schwenninger Wild Wings,def,2,True,0.26,0.13,EHC Red Bull München,True,5,1.4,,0.57,1.02,0.9,0.5,,,,
4341,Brandon Biro,Löwen Frankfurt,for,2,False,0.26,0.13,ERC Ingolstadt,False,7,3.3,,0.32,0.95,0.86,1.0,,,,
2420,Linus Brandl,Straubing Tigers,for,1,True,0.25,0.25,Adler Mannheim,False,6,2.7,Einsatzquote 86%,0.34,0.96,0.88,0.86,,,,
4243,Carlos Händel,Kölner Haie,def,1,True,0.25,0.25,Nürnberg Ice Tigers,True,7,14.9,,0.23,0.96,1.11,1.0,,,,
1382,Boaz Bassen,Schwenninger Wild Wings,for,2,True,0.25,0.12,EHC Red Bull München,True,7,1.6,,0.28,1.01,0.9,1.0,,,,
1887,Niklas Hübner,Schwenninger Wild Wings,def,1,True,0.25,0.25,EHC Red Bull München,True,7,1.7,,0.27,1.03,0.9,1.0,,,,
4498,Roope Mäkitalo,Krefeld Pinguine,for,2,True,0.25,0.12,Augsburger Panther,True,7,1.5,Eiszeit sinkt,0.29,0.86,1.02,1.0,,,,
2945,Tim Schütz,Krefeld Pinguine,for,1,True,0.24,0.24,Augsburger Panther,True,7,6.5,Eiszeit steigt,0.2,1.18,1.02,1.0,,,,
1677,Robin van Calster,Löwen Frankfurt,for,2,True,0.24,0.12,ERC Ingolstadt,False,7,1.1,,0.28,1.02,0.86,1.0,,,,
2213,Emil Johansson,Iserlohn Roosters,def,2,False,0.23,0.12,Grizzlys Wolfsburg,True,7,3.6,,0.26,0.97,0.9,1.0,,,,
4336,Reed Lebster,Schwenninger Wild Wings,for,2,False,0.23,0.12,EHC Red Bull München,True,7,2.6,,0.25,1.02,0.9,1.0,,,,
990,Nicholas B. Jensen,Pinguins Bremerhaven,def,2,True,0.22,0.11,Eisbären Berlin,True,3,4.4,Einsatzquote 43%,0.59,1.0,0.88,0.43,,,,
4311,Tobias Krestan,Eisbären Berlin,for,1,True,0.21,0.21,Pinguins Bremerhaven,False,7,5.3,,0.22,0.94,1.02,1.0,,,,
3593,Peyton Jones,Augsburger Panther,goal,1,True,0.21,0.21,Krefeld Pinguine,False,3,4.9,,,,,,0.4,0.35,3.18,27.0
2801,Nikolaus Heigl,Nürnberg Ice Tigers,for,1,True,0.21,0.21,Kölner Haie,False,8,9.5,,0.24,1.03,0.88,1.0,,,,
4317,Hudson Elynuik,Straubing Tigers,for,2,False,0.2,0.1,Adler Mannheim,False,2,0.6,,0.46,1.0,0.88,0.5,,,,
2754,Lukas Kälble,Adler Mannheim,def,4,True,0.19,0.05,Straubing Tigers,True,1,4.0,Einsatzquote 12%,1.45,1.0,1.07,0.12,,,,
2510,Noel Saffran,Eisbären Berlin,for,1,True,0.19,0.19,Pinguins Bremerhaven,False,0,2.6,,0.37,1.0,1.02,0.5,,,,
1684,Håkon Hänelt,Schwenninger Wild Wings,for,1,True,0.19,0.19,EHC Red Bull München,True,7,2.5,Eiszeit sinkt,0.24,0.87,0.9,1.0,,,,
2199,Norwin Panocha,Iserlohn Roosters,def,1,True,0.18,0.18,Grizzlys Wolfsburg,True,6,2.4,Eiszeit sinkt,0.48,0.85,0.9,0.5,,,,
4307,Florian Reinwald,Pinguins Bremerhaven,for,1,True,0.18,0.18,Eisbären Berlin,True,5,0.4,Einsatzquote 71%,0.27,1.05,0.88,0.71,,,,
4339,Anthony Romano,Löwen Frankfurt,for,2,False,0.17,0.09,ERC Ingolstadt,False,7,2.2,,0.2,1.0,0.86,1.0,,,,
1674,Yannick Proske,Krefeld Pinguine,for,2,True,0.16,0.08,Augsburger Panther,True,3,3.9,,0.31,1.0,1.02,0.5,,,,
3443,William Graber,Grizzlys Wolfsburg,for,1,False,0.16,0.16,Iserlohn Roosters,False,7,12.7,,0.17,0.94,1.03,1.0,,,,
2020,Josef Eham,Nürnberg Ice Tigers,for,1,True,0.16,0.16,Kölner Haie,False,8,1.9,Eiszeit sinkt,0.2,0.9,0.88,1.0,,,,
2900,Philipp Bidoul,Löwen Frankfurt,def,1,True,0.16,0.16,ERC Ingolstadt,False,6,1.2,"Eiszeit steigt, Einsatzquote 86%",0.18,1.2,0.86,0.86,,,,
3931,Zack Dybowski,Krefeld Pinguine,def,1,True,0.15,0.15,Augsburger Panther,True,7,6.9,,0.15,0.95,1.02,1.0,,,,
4310,Rihards Griva,Eisbären Berlin,for,1,True,0.14,0.14,Pinguins Bremerhaven,False,5,2.8,Einsatzquote 71%,0.19,1.0,1.02,0.71,,,,
3323,Vadim Schreiner,Schwenninger Wild Wings,for,1,True,0.13,0.13,EHC Red Bull München,True,7,2.3,,0.15,0.97,0.9,1.0,,,,
4335,Alexander Peters,Schwenninger Wild Wings,def,2,False,0.13,0.07,EHC Red Bull München,True,7,0.9,,0.14,1.02,0.9,1.0,,,,
597,Sebastian Uvira,Schwenninger Wild Wings,for,1,True,0.12,0.12,EHC Red Bull München,True,7,7.5,,0.14,0.96,0.9,1.0,,,,
4143,Dominik Zerhoch,ERC Ingolstadt,def,1,True,0.11,0.11,Löwen Frankfurt,True,2,0.7,Einsatzquote 29%,0.32,1.0,1.15,0.29,,,,
4346,William Dufour,Nürnberg Ice Tigers,for,2,False,0.11,0.06,Kölner Haie,False,3,0.5,Einsatzquote 38%,0.34,1.0,0.88,0.38,,,,
3408,Matej Leden,Löwen Frankfurt,for,1,True,0.1,0.1,ERC Ingolstadt,False,3,0.8,,0.22,1.0,0.86,0.5,,,,
513,Sven Ziegler,Grizzlys Wolfsburg,for,1,True,0.08,0.08,Iserlohn Roosters,False,4,1.7,Eiszeit sinkt,0.18,0.86,1.03,0.5,,,,
2881,Abbott Girduckis,ERC Ingolstadt,for,3,True,0.07,0.02,Löwen Frankfurt,True,7,3.9,,0.07,0.96,1.15,1.0,,,,
1998,Christian Hanke,Augsburger Panther,for,1,True,0.07,0.07,Krefeld Pinguine,False,7,1.9,,0.08,0.96,0.94,1.0,,,,
2470,Lua Niehus,Iserlohn Roosters,def,2,True,0.06,0.03,Grizzlys Wolfsburg,True,6,2.0,Einsatzquote 86%,0.07,1.07,0.9,0.86,,,,
3523,Moritz Kretzschmar,Eisbären Berlin,def,1,True,0.05,0.05,Pinguins Bremerhaven,False,1,7.7,Einsatzquote 14%,0.37,1.0,1.02,0.14,,,,
3595,Liron Alec Pellizzari,Augsburger Panther,def,1,True,0.05,0.05,Krefeld Pinguine,False,1,0.6,Einsatzquote 14%,0.37,1.0,0.94,0.14,,,,
4277,Mac Hollowell,Iserlohn Roosters,def,3,False,0.04,0.01,Grizzlys Wolfsburg,True,7,2.0,Eiszeit sinkt,0.05,0.89,0.9,1.0,,,,
3592,Sebastian Zwickl,Augsburger Panther,for,1,True,0.04,0.04,Krefeld Pinguine,False,1,0.5,Einsatzquote 14%,0.31,1.0,0.94,0.14,,,,
2194,Maximilian Merkl,Nürnberg Ice Tigers,def,1,True,0.04,0.04,Kölner Haie,False,1,0.8,Einsatzquote 12%,0.37,1.0,0.88,0.12,,,,
3428,Tobias Fohrler,Adler Mannheim,def,1,True,0.03,0.03,Straubing Tigers,True,5,8.5,Einsatzquote 62%,0.05,0.95,1.07,0.62,,,,
3577,Timo Bakos,Nürnberg Ice Tigers,for,1,True,0.03,0.03,Kölner Haie,False,7,0.9,Einsatzquote 88%,0.04,0.97,0.88,0.88,,,,
1594,Joacim Eriksson,Schwenninger Wild Wings,goal,4,False,0.03,0.01,EHC Red Bull München,True,5,2.5,,,,,,0.8,0.29,3.39,27.7
3424,Simon Wolf,Schwenninger Wild Wings,goal,1,True,0.01,0.01,EHC Red Bull München,True,3,1.8,,,,,,0.2,0.29,3.39,27.7
1771,Philip Rosa-Preto,ERC Ingolstadt,def,2,True,0.0,0.0,Löwen Frankfurt,True,0,1.4,faellt aus,0.76,1.0,1.15,0,,,,
1983,Nathan Burns,ERC Ingolstadt,for,2,True,0.0,0.0,Löwen Frankfurt,True,0,0.9,faellt aus,0.72,1.0,1.15,0,,,,
3695,Jakin Smallwood,ERC Ingolstadt,for,1,True,0.0,0.0,Löwen Frankfurt,True,1,3.7,faellt aus,0.89,1.0,1.15,0,,,,
4146,Bartholomäus Oswald,ERC Ingolstadt,goal,1,True,0.0,0.0,Löwen Frankfurt,True,0,0.3,,,,,,0.0,0.65,2.37,22.6
1404,Justin Schütz,Adler Mannheim,for,4,True,0.0,0.0,Straubing Tigers,True,5,27.0,faellt aus,1.35,0.99,1.07,0,,,,
2175,Felix Noack,Adler Mannheim,goal,1,True,0.0,0.0,Straubing Tigers,True,0,0.6,,,,,,0.0,0.57,2.49,23.4
2501,Kris Bennett,Adler Mannheim,for,3,False,-0.0,-0.0,Straubing Tigers,True,4,3.5,faellt aus,-0.25,0.99,1.07,0,,,,
3564,Colin Schlenker,Adler Mannheim,def,1,True,0.0,0.0,Straubing Tigers,True,0,2.4,Einsatzquote 0%,0.46,1.0,1.07,0.0,,,,
3547,Lennart Neiße,Eisbären Berlin,goal,1,True,0.0,0.0,Pinguins Bremerhaven,False,0,0.5,,,,,,0.0,0.54,2.47,24.6
4181,Niclas Wolter,Eisbären Berlin,goal,1,True,0.0,0.0,Pinguins Bremerhaven,False,0,0.3,,,,,,0.0,0.54,2.47,24.6
1489,Erik Buschmann,Krefeld Pinguine,def,1,True,0.0,0.0,Augsburger Panther,True,0,3.5,Einsatzquote 0%,0.46,1.0,1.02,0.0,,,,
2181,Julius Schulte,Krefeld Pinguine,goal,1,True,0.0,0.0,Augsburger Panther,True,0,0.6,,,,,,0.0,0.48,2.76,25.3
2923,Carl Konze,Krefeld Pinguine,def,1,True,0.0,0.0,Augsburger Panther,True,0,1.6,Einsatzquote 0%,0.46,1.0,1.02,0.0,,,,
3465,Ole Blumenkamp,Krefeld Pinguine,goal,1,True,0.0,0.0,Augsburger Panther,True,0,0.3,,,,,,0.0,0.48,2.76,25.3
4344,Kevin Wall,Krefeld Pinguine,for,2,False,0.0,0.0,Augsburger Panther,True,0,1.6,faellt aus,0.72,1.0,1.02,0,,,,
1655,Taro Jentzsch,Straubing Tigers,for,1,True,0.0,0.0,Adler Mannheim,False,0,4.3,faellt aus,0.37,1.0,0.88,0,,,,
1901,Danjo Leonhardt,Straubing Tigers,for,3,True,0.0,0.0,Adler Mannheim,False,2,4.4,faellt aus,0.75,1.0,0.88,0,,,,
3548,Sebastian Wieber,Straubing Tigers,goal,1,True,-0.0,-0.0,Adler Mannheim,False,1,0.4,,,,,,0.0,0.27,3.44,25.4
3958,Moritz Kukuk,Straubing Tigers,def,1,True,0.0,0.0,Adler Mannheim,False,0,0.7,faellt aus,0.46,1.0,0.88,0,,,,
1659,Maximilian Eisenmenger,Iserlohn Roosters,for,1,True,0.0,0.0,Grizzlys Wolfsburg,True,6,4.0,faellt aus,0.89,0.95,0.9,0,,,,
1675,Finn Becker,Iserlohn Roosters,goal,1,True,0.0,0.0,Grizzlys Wolfsburg,True,0,0.2,,,,,,0.0,0.31,3.25,29.8
3199,Marian Bauer,Iserlohn Roosters,def,1,True,0.0,0.0,Grizzlys Wolfsburg,True,0,0.4,Einsatzquote 0%,0.46,1.0,0.9,0.0,,,,
3586,Bence Farkas,Iserlohn Roosters,for,1,True,0.0,0.0,Grizzlys Wolfsburg,True,0,0.8,Einsatzquote 0%,0.37,1.0,0.9,0.0,,,,
3851,Gordejs Radionovs,Iserlohn Roosters,def,1,True,0.0,0.0,Grizzlys Wolfsburg,True,0,0.6,Einsatzquote 0%,0.46,1.0,0.9,0.0,,,,
4298,Maximilian Strauß,Iserlohn Roosters,for,1,True,0.0,0.0,Grizzlys Wolfsburg,True,0,0.1,Einsatzquote 0%,0.37,1.0,0.9,0.0,,,,
4470,Niklas Hertenstein,Iserlohn Roosters,goal,1,True,0.0,0.0,Grizzlys Wolfsburg,True,0,0.1,,,,,,0.0,0.31,3.25,29.8
1401,Ennio Albrecht,Grizzlys Wolfsburg,goal,1,True,0.0,0.0,Iserlohn Roosters,False,0,0.2,,,,,,0.0,0.53,2.57,23.9
3553,Til Raab,Grizzlys Wolfsburg,for,1,True,0.0,0.0,Iserlohn Roosters,False,0,0.8,Einsatzquote 0%,0.37,1.0,1.03,0.0,,,,
4141,Fynn Wild,Grizzlys Wolfsburg,goal,1,True,0.0,0.0,Iserlohn Roosters,False,0,0.1,,,,,,0.0,0.53,2.57,23.9
4320,Daniel Kettler,Grizzlys Wolfsburg,def,1,True,0.0,0.0,Iserlohn Roosters,False,0,0.4,Einsatzquote 0%,0.46,1.0,1.03,0.0,,,,
143,Nicolas Krämmer,Pinguins Bremerhaven,for,3,True,0.0,0.0,Eisbären Berlin,True,5,2.3,faellt aus,0.76,1.04,0.88,0,,,,
1704,Roman Kechter,Pinguins Bremerhaven,for,1,True,0.0,0.0,Eisbären Berlin,True,4,8.9,faellt aus,1.3,0.98,0.88,0,,,,
1763,Bennet Roßmy,Pinguins Bremerhaven,for,2,True,0.0,0.0,Eisbären Berlin,True,0,5.8,faellt aus,0.72,1.0,0.88,0,,,,
1790,Maxim Rausch,Pinguins Bremerhaven,def,2,True,0.0,0.0,Eisbären Berlin,True,4,1.6,faellt aus,0.49,0.93,0.88,0,,,,
2191,Rayan Bettahar,Pinguins Bremerhaven,def,3,True,0.0,0.0,Eisbären Berlin,True,5,1.6,faellt aus,0.57,1.06,0.88,0,,,,
3391,Lenny Boos,Pinguins Bremerhaven,for,1,True,0.0,0.0,Eisbären Berlin,True,2,2.5,faellt aus,0.43,1.0,0.88,0,,,,
3546,Christopher Strasen,Pinguins Bremerhaven,goal,1,True,-0.0,-0.0,Eisbären Berlin,True,0,0.3,,,,,,0.0,0.3,3.21,24.9
4308,Alexander Broadhurst,Pinguins Bremerhaven,for,3,False,0.0,0.0,Eisbären Berlin,True,4,2.0,"Eiszeit sinkt, faellt aus",0.49,0.89,0.88,0,,,,
130,Dominik Bokk,Kölner Haie,for,4,True,0.0,0.0,Nürnberg Ice Tigers,True,0,5.3,faellt aus,1.43,1.0,1.11,0,,,,
516,Felix Brückmann,Kölner Haie,goal,2,True,0.0,0.0,Nürnberg Ice Tigers,True,1,2.3,faellt aus,,,,,0,0.61,2.48,23.7
3433,Mateu Späth,Kölner Haie,for,1,True,0.0,0.0,Nürnberg Ice Tigers,True,0,0.8,Einsatzquote 0%,0.37,1.0,1.11,0.0,,,,
3540,Noah Münzenberger,Kölner Haie,def,1,True,0.0,0.0,Nürnberg Ice Tigers,True,0,2.3,Einsatzquote 0%,0.46,1.0,1.11,0.0,,,,
3569,Luca Münzenberger,Kölner Haie,def,1,True,0.0,0.0,Nürnberg Ice Tigers,True,0,3.2,Einsatzquote 0%,0.46,1.0,1.11,0.0,,,,
3570,Aaron Kaiser,Kölner Haie,goal,1,True,0.0,0.0,Nürnberg Ice Tigers,True,0,0.6,,,,,,0.0,0.61,2.48,23.7
4176,Tobin Brandt,Kölner Haie,for,1,True,0.0,0.0,Nürnberg Ice Tigers,True,0,1.5,Einsatzquote 0%,0.37,1.0,1.11,0.0,,,,
4252,Nikita Müller,Kölner Haie,def,1,True,0.0,0.0,Nürnberg Ice Tigers,True,0,0.8,Einsatzquote 0%,0.46,1.0,1.11,0.0,,,,
16,Fabio Wagner,EHC Red Bull München,def,4,True,0.0,0.0,Schwenninger Wild Wings,False,0,2.6,Einsatzquote 0%,1.36,1.0,1.06,0.0,,,,
1753,Christopher DeSousa,EHC Red Bull München,for,4,False,0.0,0.0,Schwenninger Wild Wings,False,1,3.9,faellt aus,1.81,1.0,1.06,0,,,,
2133,Philipp Krening,EHC Red Bull München,for,1,True,0.0,0.0,Schwenninger Wild Wings,False,0,2.4,faellt aus,0.37,1.0,1.06,0,,,,
2521,Rio Kaiser,EHC Red Bull München,def,1,True,0.0,0.0,Schwenninger Wild Wings,False,0,2.5,Einsatzquote 0%,0.46,1.0,1.06,0.0,,,,
2831,Matthias Bittner,EHC Red Bull München,goal,1,True,0.0,0.0,Schwenninger Wild Wings,False,0,0.6,,,,,,0.0,0.55,2.58,23.9
4326,Max Bolle,EHC Red Bull München,goal,1,True,0.0,0.0,Schwenninger Wild Wings,False,0,0.2,,,,,,0.0,0.55,2.58,23.9
2182,Justus Roth,Augsburger Panther,goal,1,True,0.0,0.0,Krefeld Pinguine,False,0,0.1,,,,,,0.0,0.35,3.18,27.0
4153,Dave Dützka,Augsburger Panther,goal,1,True,0.0,0.0,Krefeld Pinguine,False,0,0.1,,,,,,0.0,0.35,3.18,27.0
2804,Jakob Weber,Nürnberg Ice Tigers,def,2,True,0.0,0.0,Kölner Haie,False,3,13.5,faellt aus,1.95,1.0,0.88,0,,,,
3575,Chris Jandric,Nürnberg Ice Tigers,def,1,False,0.0,0.0,Kölner Haie,False,6,9.9,faellt aus,0.84,1.05,0.88,0,,,,
4347,Luis Janett,Nürnberg Ice Tigers,goal,2,True,-0.0,-0.0,Kölner Haie,False,0,0.9,,,,,,0.0,0.25,3.67,29.2
1075,Phil Hungerecker,Schwenninger Wild Wings,for,3,True,0.0,0.0,EHC Red Bull München,True,0,1.2,faellt aus,1.08,1.0,0.9,0,,,,
3559,Niclas Hempel,Schwenninger Wild Wings,def,1,True,0.0,0.0,EHC Red Bull München,True,0,0.6,Einsatzquote 0%,0.46,1.0,0.9,0.0,,,,
4178,Gianluca Bäuml,Schwenninger Wild Wings,goal,1,True,0.0,0.0,EHC Red Bull München,True,0,0.1,,,,,,0.0,0.29,3.39,27.7
1397,Daniel Pfaffengut,Löwen Frankfurt,for,3,True,0.0,0.0,ERC Ingolstadt,False,6,5.6,faellt aus,1.04,1.0,0.86,0,,,,
1982,Daniel Wirt,Löwen Frankfurt,def,2,True,0.0,0.0,ERC Ingolstadt,False,2,2.2,faellt aus,0.94,1.0,0.86,0,,,,
4160,Gregor Stocker,Eisbären Berlin,def,1,True,0.0,0.0,Pinguins Bremerhaven,False,0,0.4,Einsatzquote 0%,0.46,1.0,1.02,0.0,,,,
4705,Seonwoo Park,Nürnberg Ice Tigers,for,1,True,0.0,0.0,Kölner Haie,False,0,0.1,Einsatzquote 0%,0.37,1.0,0.88,0.0,,,,
4892,Maximilian Leister,Adler Mannheim,goal,1,True,0.0,0.0,Straubing Tigers,True,0,0.2,,,,,,0.0,0.57,2.49,23.4
4893,Oliver Elias Erthel,Grizzlys Wolfsburg,goal,1,True,0.0,0.0,Iserlohn Roosters,False,0,0.1,,,,,,0.0,0.53,2.57,23.9
4894,Jonas Krautloher,Nürnberg Ice Tigers,goal,1,True,-0.0,-0.0,Kölner Haie,False,0,0.1,,,,,,0.0,0.25,3.67,29.2
1451,Leon Hungerecker,Pinguins Bremerhaven,goal,2,True,-0.02,-0.01,Eisbären Berlin,True,1,2.0,,,,,,0.2,0.3,3.21,24.9
1762,Yannick Veilleux,Eisbären Berlin,for,2,False,-0.08,-0.04,Pinguins Bremerhaven,False,7,8.5,Eiszeit steigt,-0.07,1.08,1.02,1.0,,,,
1681,Leo Hafenrichter,Grizzlys Wolfsburg,def,1,True,-0.08,-0.08,Iserlohn Roosters,False,7,3.6,,-0.08,0.96,1.03,1.0,,,,
1547,Kristers Gudlevskis,Pinguins Bremerhaven,goal,4,False,-0.09,-0.02,Eisbären Berlin,True,6,17.4,,,,,,0.8,0.3,3.21,24.9
4325,Luis Becker,EHC Red Bull München,for,1,True,-0.09,-0.09,Schwenninger Wild Wings,False,3,0.8,Einsatzquote 43%,-0.19,1.0,1.06,0.43,,,,
3307,Paul Vinzens,ERC Ingolstadt,for,1,True,-0.1,-0.1,Löwen Frankfurt,True,4,0.6,Einsatzquote 57%,-0.17,0.96,1.15,0.57,,,,
3528,Daniel Geiger,Iserlohn Roosters,for,1,True,-0.1,-0.1,Grizzlys Wolfsburg,True,3,0.6,Einsatzquote 43%,-0.26,1.0,0.9,0.43,,,,
2193,Daniel Neumann,Iserlohn Roosters,for,2,True,-0.12,-0.06,Grizzlys Wolfsburg,True,7,1.2,Eiszeit steigt,-0.12,1.08,0.9,1.0,,,,
2689,Andy Miele,Pinguins Bremerhaven,for,2,False,-0.12,-0.06,Eisbären Berlin,True,7,7.4,,-0.13,1.03,0.88,1.0,,,,
1088,Cody Brenner,Löwen Frankfurt,goal,1,True,-0.13,-0.13,ERC Ingolstadt,False,1,1.5,,,,,,0.2,0.21,3.87,30.8
3585,Matthew Wedman,Löwen Frankfurt,for,1,False,-0.13,-0.13,ERC Ingolstadt,False,7,7.5,,-0.14,1.02,0.86,1.0,,,,
3128,Julius Ramoser,Grizzlys Wolfsburg,for,1,True,-0.14,-0.14,Iserlohn Roosters,False,5,1.2,"Eiszeit steigt, Einsatzquote 71%",-0.16,1.17,1.03,0.71,,,,
4148,Ty Glover,Löwen Frankfurt,for,1,False,-0.16,-0.16,ERC Ingolstadt,False,6,1.7,Einsatzquote 86%,-0.21,1.04,0.86,0.86,,,,
1682,Moritz Elias,Augsburger Panther,for,1,True,-0.21,-0.21,Krefeld Pinguine,False,7,4.4,,-0.22,1.03,0.94,1.0,,,,
1748,Peter Spornberger,Iserlohn Roosters,def,1,True,-0.22,-0.22,Grizzlys Wolfsburg,True,7,2.6,,-0.23,1.06,0.9,1.0,,,,
1904,Florian Bugl,Straubing Tigers,goal,1,True,-0.24,-0.24,Adler Mannheim,False,2,3.9,,,,,,0.4,0.27,3.44,25.4
1405,Dennis Lobach,Iserlohn Roosters,for,1,True,-0.26,-0.26,Grizzlys Wolfsburg,True,7,1.6,Eiszeit steigt,-0.26,1.1,0.9,1.0,,,,
3407,Matthew Abt,Pinguins Bremerhaven,def,4,True,-0.26,-0.07,Eisbären Berlin,True,4,1.2,Einsatzquote 57%,-0.53,0.98,0.88,0.57,,,,
1825,Nico Pertuch,Löwen Frankfurt,goal,1,True,-0.26,-0.26,ERC Ingolstadt,False,2,0.5,,,,,,0.4,0.21,3.87,30.8
4338,Adam Scheel,Löwen Frankfurt,goal,2,False,-0.26,-0.13,ERC Ingolstadt,False,4,7.6,,,,,,0.4,0.21,3.87,30.8
2019,Jakub Borzecki,Iserlohn Roosters,for,1,True,-0.27,-0.27,Grizzlys Wolfsburg,True,7,0.7,Eiszeit steigt,-0.27,1.08,0.9,1.0,,,,
4319,Jakub Skarek,Straubing Tigers,goal,3,False,-0.36,-0.12,Adler Mannheim,False,5,2.1,,,,,,0.6,0.27,3.44,25.4
2198,Timo Ruckdäschel,Grizzlys Wolfsburg,for,1,True,-0.36,-0.36,Iserlohn Roosters,False,5,1.8,Einsatzquote 71%,-0.46,1.05,1.03,0.71,,,,
599,Niklas Treutle,Nürnberg Ice Tigers,goal,2,True,-0.43,-0.21,Kölner Haie,False,8,15.1,,,,,,1.0,0.25,3.67,29.2
2189,Kevin Bicker,Iserlohn Roosters,for,1,True,-0.51,-0.51,Grizzlys Wolfsburg,True,7,0.9,,-0.54,1.06,0.9,1.0,,,,
2813,Kenny Agostino,ERC Ingolstadt,for,4,False,-0.62,-0.15,Löwen Frankfurt,True,6,2.1,Einsatzquote 86%,-0.63,1.0,1.15,0.86,,,,
