abgerufen,schluessel,spieltag,beginn,p_home60,p_draw60,p_away60,p_home_inkl_ot,total,buchmacher
2026-09-29T11:26+00:00,2-7,5,2026-10-01T19:30+02:00,0.661,0.177,0.162,0.758,5.81,pinnacle+bet365
2026-09-29T16:33+00:00,2-7,5,2026-10-01T19:30+02:00,0.661,0.177,0.162,0.758,5.81,pinnacle+bet365
2026-09-30T11:26+00:00,2-7,5,2026-10-01T19:30+02:00,0.658,0.181,0.161,0.758,5.77,pinnacle+bet365+unibet
2026-09-30T11:26+00:00,11-12,5,2026-10-02T19:30+02:00,0.383,0.206,0.41,0.487,6.02,pinnacle+bet365+unibet
2026-09-30T11:26+00:00,14-15,5,2026-10-02T19:30+02:00,0.498,0.206,0.296,0.607,5.9,pinnacle+bet365+unibet
2026-09-30T11:26+00:00,44-3,5,2026-10-02T19:30+02:00,0.308,0.217,0.476,0.41,6.06,pinnacle+bet365+unibet
2026-09-30T11:26+00:00,13-8,5,2026-10-02T19:30+02:00,0.361,0.224,0.415,0.474,6.14,pinnacle+bet365+unibet
2026-09-30T11:26+00:00,6-9,5,2026-10-02T19:30+02:00,0.514,0.206,0.279,0.625,5.82,pinnacle+bet365+unibet
2026-09-30T11:26+00:00,5-1,5,2026-10-02T19:30+02:00,0.373,0.195,0.432,0.471,6.3,bet365+unibet
2026-09-30T16:33+00:00,2-7,5,2026-10-01T19:30+02:00,0.661,0.18,0.159,0.76,5.78,pinnacle+bet365+unibet
2026-09-30T16:33+00:00,11-12,5,2026-10-02T19:30+02:00,0.385,0.207,0.409,0.488,6.02,pinnacle+bet365+unibet
2026-09-30T16:33+00:00,14-15,5,2026-10-02T19:30+02:00,0.498,0.206,0.296,0.607,5.9,pinnacle+bet365+unibet
2026-09-30T16:33+00:00,44-3,5,2026-10-02T19:30+02:00,0.308,0.217,0.476,0.41,6.06,pinnacle+bet365+unibet
2026-09-30T16:33+00:00,13-8,5,2026-10-02T19:30+02:00,0.361,0.224,0.415,0.474,6.14,pinnacle+bet365+unibet
2026-09-30T16:33+00:00,6-9,5,2026-10-02T19:30+02:00,0.514,0.206,0.279,0.625,5.82,pinnacle+bet365+unibet
2026-09-30T16:33+00:00,5-1,5,2026-10-02T19:30+02:00,0.373,0.195,0.432,0.471,6.3,bet365+unibet
2026-10-01T11:27+00:00,2-7,5,2026-10-01T19:30+02:00,0.672,0.175,0.153,0.768,5.87,pinnacle+bet365+unibet
2026-10-01T11:27+00:00,11-12,5,2026-10-02T19:30+02:00,0.385,0.207,0.409,0.488,6.02,pinnacle+bet365+unibet
2026-10-01T11:27+00:00,14-15,5,2026-10-02T19:30+02:00,0.498,0.206,0.296,0.607,5.9,pinnacle+bet365+unibet
2026-10-01T11:27+00:00,44-3,5,2026-10-02T19:30+02:00,0.308,0.217,0.476,0.41,6.06,pinnacle+bet365+unibet
2026-10-01T11:27+00:00,13-8,5,2026-10-02T19:30+02:00,0.355,0.224,0.421,0.466,6.14,pinnacle+bet365+unibet
2026-10-01T11:27+00:00,6-9,5,2026-10-02T19:30+02:00,0.518,0.206,0.276,0.628,5.82,pinnacle+bet365+unibet
2026-10-01T11:27+00:00,5-1,5,2026-10-02T19:30+02:00,0.373,0.195,0.432,0.471,6.3,bet365+unibet
2026-10-01T16:31+00:00,2-7,5,2026-10-01T19:30+02:00,0.671,0.175,0.153,0.768,5.83,pinnacle+bet365+unibet
2026-10-01T16:31+00:00,11-12,5,2026-10-02T19:30+02:00,0.386,0.207,0.407,0.49,6.02,pinnacle+bet365+unibet
2026-10-01T16:31+00:00,14-15,5,2026-10-02T19:30+02:00,0.498,0.206,0.296,0.607,5.9,pinnacle+bet365+unibet
2026-10-01T16:31+00:00,44-3,5,2026-10-02T19:30+02:00,0.308,0.217,0.476,0.41,6.06,pinnacle+bet365+unibet
2026-10-01T16:31+00:00,13-8,5,2026-10-02T19:30+02:00,0.355,0.224,0.421,0.466,6.14,pinnacle+bet365+unibet
2026-10-01T16:31+00:00,6-9,5,2026-10-02T19:30+02:00,0.518,0.206,0.276,0.628,5.82,pinnacle+bet365+unibet
2026-10-01T16:31+00:00,5-1,5,2026-10-02T19:30+02:00,0.373,0.195,0.432,0.471,6.3,bet365+unibet
